NULL;Diretoria de Portos e Costas;DPC;RJ;Rebocador;2
"1º ";Agência da Capitania dos Portos em Paraty;AGPRTI;RJ;Balsa;11
"1º ";Agência da Capitania dos Portos em Paraty;AGPRTI;RJ;Barcaça;4
"1º ";Agência da Capitania dos Portos em Paraty;AGPRTI;RJ;Bote;2363
"1º ";Agência da Capitania dos Portos em Paraty;AGPRTI;RJ;Caiaque;1
"1º ";Agência da Capitania dos Portos em Paraty;AGPRTI;RJ;Canoa;343
"1º ";Agência da Capitania dos Portos em Paraty;AGPRTI;RJ;Chata;4
"1º ";Agência da Capitania dos Portos em Paraty;AGPRTI;RJ;Draga;23
"1º ";Agência da Capitania dos Portos em Paraty;AGPRTI;RJ;Escuna;89
"1º ";Agência da Capitania dos Portos em Paraty;AGPRTI;RJ;Flutuante;24
"1º ";Agência da Capitania dos Portos em Paraty;AGPRTI;RJ;Hovercraft;1
"1º ";Agência da Capitania dos Portos em Paraty;AGPRTI;RJ;Iate;2
"1º ";Agência da Capitania dos Portos em Paraty;AGPRTI;RJ;Jangada;1
"1º ";Agência da Capitania dos Portos em Paraty;AGPRTI;RJ;Jet Boat;5
"1º ";Agência da Capitania dos Portos em Paraty;AGPRTI;RJ;Lançador de Linhas;1
"1º ";Agência da Capitania dos Portos em Paraty;AGPRTI;RJ;Lancha;1200
"1º ";Agência da Capitania dos Portos em Paraty;AGPRTI;RJ;Moto-Aquática/similar;194
"1º ";Agência da Capitania dos Portos em Paraty;AGPRTI;RJ;Multicasco (Catamarã, Trimarã, Tetramarã, etc);26
"1º ";Agência da Capitania dos Portos em Paraty;AGPRTI;RJ;Outros;480
"1º ";Agência da Capitania dos Portos em Paraty;AGPRTI;RJ;Passageiro;4
"1º ";Agência da Capitania dos Portos em Paraty;AGPRTI;RJ;Pesqueiro;18
"1º ";Agência da Capitania dos Portos em Paraty;AGPRTI;RJ;Saveiro;47
"1º ";Agência da Capitania dos Portos em Paraty;AGPRTI;RJ;Traineira;152
"1º ";Agência da Capitania dos Portos em Paraty;AGPRTI;RJ;Veleiro;197
"1º ";Agência da Capitania dos Portos em São João da Barra;AGSJBA;RJ;Apoio a Mergulho;2
"1º ";Agência da Capitania dos Portos em São João da Barra;AGSJBA;RJ;Balsa;8
"1º ";Agência da Capitania dos Portos em São João da Barra;AGSJBA;RJ;Bote;672
"1º ";Agência da Capitania dos Portos em São João da Barra;AGSJBA;RJ;Caiaque;21
"1º ";Agência da Capitania dos Portos em São João da Barra;AGSJBA;RJ;Canoa;1636
"1º ";Agência da Capitania dos Portos em São João da Barra;AGSJBA;RJ;Carga Geral;1
"1º ";Agência da Capitania dos Portos em São João da Barra;AGSJBA;RJ;Chata;2
"1º ";Agência da Capitania dos Portos em São João da Barra;AGSJBA;RJ;Draga;21
"1º ";Agência da Capitania dos Portos em São João da Barra;AGSJBA;RJ;Escuna;3
"1º ";Agência da Capitania dos Portos em São João da Barra;AGSJBA;RJ;Flutuante;4
"1º ";Agência da Capitania dos Portos em São João da Barra;AGSJBA;RJ;Jangada;1
"1º ";Agência da Capitania dos Portos em São João da Barra;AGSJBA;RJ;Jet Boat;10
"1º ";Agência da Capitania dos Portos em São João da Barra;AGSJBA;RJ;Lancha;213
"1º ";Agência da Capitania dos Portos em São João da Barra;AGSJBA;RJ;Moto-Aquática/similar;235
"1º ";Agência da Capitania dos Portos em São João da Barra;AGSJBA;RJ;Multicasco (Catamarã, Trimarã, Tetramarã, etc);3
"1º ";Agência da Capitania dos Portos em São João da Barra;AGSJBA;RJ;Passageiro;8
"1º ";Agência da Capitania dos Portos em São João da Barra;AGSJBA;RJ;Passageiro / Carga Geral;1
"1º ";Agência da Capitania dos Portos em São João da Barra;AGSJBA;RJ;Pesqueiro;306
"1º ";Agência da Capitania dos Portos em São João da Barra;AGSJBA;RJ;Traineira;137
"1º ";Agência da Capitania dos Portos em São João da Barra;AGSJBA;RJ;Veleiro;1
"1º ";Capitania dos Portos de Macaé;CPMCAE;RJ;Apoio a Mergulho;13
"1º ";Capitania dos Portos de Macaé;CPMCAE;RJ;Balsa;64
"1º ";Capitania dos Portos de Macaé;CPMCAE;RJ;Barcaça;1
"1º ";Capitania dos Portos de Macaé;CPMCAE;RJ;Bote;665
"1º ";Capitania dos Portos de Macaé;CPMCAE;RJ;Caiaque;14
"1º ";Capitania dos Portos de Macaé;CPMCAE;RJ;Caique;1
"1º ";Capitania dos Portos de Macaé;CPMCAE;RJ;Canoa;845
"1º ";Capitania dos Portos de Macaé;CPMCAE;RJ;Carga Geral;2
"1º ";Capitania dos Portos de Macaé;CPMCAE;RJ;Chata;18
"1º ";Capitania dos Portos de Macaé;CPMCAE;RJ;Draga;25
"1º ";Capitania dos Portos de Macaé;CPMCAE;RJ;Escuna;5
"1º ";Capitania dos Portos de Macaé;CPMCAE;RJ;Flotel;1
"1º ";Capitania dos Portos de Macaé;CPMCAE;RJ;Flutuante;12
"1º ";Capitania dos Portos de Macaé;CPMCAE;RJ;Iate;2
"1º ";Capitania dos Portos de Macaé;CPMCAE;RJ;Jangada;3
"1º ";Capitania dos Portos de Macaé;CPMCAE;RJ;Jet Boat;1
"1º ";Capitania dos Portos de Macaé;CPMCAE;RJ;Lancha;1425
"1º ";Capitania dos Portos de Macaé;CPMCAE;RJ;Moto-Aquática/similar;366
"1º ";Capitania dos Portos de Macaé;CPMCAE;RJ;Multicasco (Catamarã, Trimarã, Tetramarã, etc);1
"1º ";Capitania dos Portos de Macaé;CPMCAE;RJ;Outros;272
"1º ";Capitania dos Portos de Macaé;CPMCAE;RJ;Passageiro;23
"1º ";Capitania dos Portos de Macaé;CPMCAE;RJ;Passageiro / Carga Geral;8
"1º ";Capitania dos Portos de Macaé;CPMCAE;RJ;Pesqueiro;1284
"1º ";Capitania dos Portos de Macaé;CPMCAE;RJ;Plataforma Auto-Elevável;1
"1º ";Capitania dos Portos de Macaé;CPMCAE;RJ;Plataforma Fixa;2
"1º ";Capitania dos Portos de Macaé;CPMCAE;RJ;Plataforma Semi-Submersível;2
"1º ";Capitania dos Portos de Macaé;CPMCAE;RJ;Químico e Gaseiro;1
"1º ";Capitania dos Portos de Macaé;CPMCAE;RJ;Rebocador;4
"1º ";Capitania dos Portos de Macaé;CPMCAE;RJ;Saveiro;3
"1º ";Capitania dos Portos de Macaé;CPMCAE;RJ;Sonda;2
"1º ";Capitania dos Portos de Macaé;CPMCAE;RJ;Supridor (Supply);11
"1º ";Capitania dos Portos de Macaé;CPMCAE;RJ;Traineira;364
"1º ";Capitania dos Portos de Macaé;CPMCAE;RJ;Transporte de Carga Pesada (Navio de Cargas Especiais);2
"1º ";Capitania dos Portos de Macaé;CPMCAE;RJ;Veleiro;37
"1º ";Capitania dos Portos do Espírito Santo;CPVITO;ES;Anfíbia;3
"1º ";Capitania dos Portos do Espírito Santo;CPVITO;ES;Apoio à Manobra;3
"1º ";Capitania dos Portos do Espírito Santo;CPVITO;ES;Apoio a Mergulho;27
"1º ";Capitania dos Portos do Espírito Santo;CPVITO;ES;Balsa;195
"1º ";Capitania dos Portos do Espírito Santo;CPVITO;ES;Barcaça;39
"1º ";Capitania dos Portos do Espírito Santo;CPVITO;ES;Batelão;7
"1º ";Capitania dos Portos do Espírito Santo;CPVITO;ES;Bote;10169
"1º ";Capitania dos Portos do Espírito Santo;CPVITO;ES;Cábrea;6
"1º ";Capitania dos Portos do Espírito Santo;CPVITO;ES;Caiaque;182
"1º ";Capitania dos Portos do Espírito Santo;CPVITO;ES;Caique;5
"1º ";Capitania dos Portos do Espírito Santo;CPVITO;ES;Canoa;1170
"1º ";Capitania dos Portos do Espírito Santo;CPVITO;ES;Carga Geral;8
"1º ";Capitania dos Portos do Espírito Santo;CPVITO;ES;Chata;71
"1º ";Capitania dos Portos do Espírito Santo;CPVITO;ES;Draga;75
"1º ";Capitania dos Portos do Espírito Santo;CPVITO;ES;Embarcação Autônoma;2
"1º ";Capitania dos Portos do Espírito Santo;CPVITO;ES;Empurrador;1
"1º ";Capitania dos Portos do Espírito Santo;CPVITO;ES;Escuna;40
"1º ";Capitania dos Portos do Espírito Santo;CPVITO;ES;Flutuante;79
"1º ";Capitania dos Portos do Espírito Santo;CPVITO;ES;Graneleiro;1
"1º ";Capitania dos Portos do Espírito Santo;CPVITO;ES;Hovercraft;5
"1º ";Capitania dos Portos do Espírito Santo;CPVITO;ES;Jangada;16
"1º ";Capitania dos Portos do Espírito Santo;CPVITO;ES;Jet Boat;21
"1º ";Capitania dos Portos do Espírito Santo;CPVITO;ES;Lançador de Linhas;1
"1º ";Capitania dos Portos do Espírito Santo;CPVITO;ES;Lancha;3387
"1º ";Capitania dos Portos do Espírito Santo;CPVITO;ES;Manuseio de Âncora (AHTS);3
"1º ";Capitania dos Portos do Espírito Santo;CPVITO;ES;Moto-Aquática/similar;4563
"1º ";Capitania dos Portos do Espírito Santo;CPVITO;ES;Multicasco (Catamarã, Trimarã, Tetramarã, etc);21
"1º ";Capitania dos Portos do Espírito Santo;CPVITO;ES;Multipurpose;2
"1º ";Capitania dos Portos do Espírito Santo;CPVITO;ES;Outros;1746
"1º ";Capitania dos Portos do Espírito Santo;CPVITO;ES;Passageiro;13
"1º ";Capitania dos Portos do Espírito Santo;CPVITO;ES;Passageiro / Carga Geral;1
"1º ";Capitania dos Portos do Espírito Santo;CPVITO;ES;Passageiro de Alta Velocidade (HSC Passageiro);1
"1º ";Capitania dos Portos do Espírito Santo;CPVITO;ES;Pesqueiro;893
"1º ";Capitania dos Portos do Espírito Santo;CPVITO;ES;Pesquisa;8
"1º ";Capitania dos Portos do Espírito Santo;CPVITO;ES;Petroleiro e Químico;1
"1º ";Capitania dos Portos do Espírito Santo;CPVITO;ES;Plataforma Auto-Elevável;1
"1º ";Capitania dos Portos do Espírito Santo;CPVITO;ES;Rebocador;35
"1º ";Capitania dos Portos do Espírito Santo;CPVITO;ES;Saveiro;239
"1º ";Capitania dos Portos do Espírito Santo;CPVITO;ES;Supridor (Supply);2
"1º ";Capitania dos Portos do Espírito Santo;CPVITO;ES;Tanque (transporte de granéis líquidos);2
"1º ";Capitania dos Portos do Espírito Santo;CPVITO;ES;Traineira;57
"1º ";Capitania dos Portos do Espírito Santo;CPVITO;ES;Veleiro;180
"1º ";Capitania dos Portos do Rio de Janeiro;CPRIOJ;RJ;Alvarenga;4
"1º ";Capitania dos Portos do Rio de Janeiro;CPRIOJ;RJ;Anfíbia;4
"1º ";Capitania dos Portos do Rio de Janeiro;CPRIOJ;RJ;Apoio à Manobra;2
"1º ";Capitania dos Portos do Rio de Janeiro;CPRIOJ;RJ;Apoio a Mergulho;39
"1º ";Capitania dos Portos do Rio de Janeiro;CPRIOJ;RJ;Apoio a ROV;17
"1º ";Capitania dos Portos do Rio de Janeiro;CPRIOJ;RJ;Balsa;463
"1º ";Capitania dos Portos do Rio de Janeiro;CPRIOJ;RJ;Barcaça;472
"1º ";Capitania dos Portos do Rio de Janeiro;CPRIOJ;RJ;Batelão;49
"1º ";Capitania dos Portos do Rio de Janeiro;CPRIOJ;RJ;Bote;7792
"1º ";Capitania dos Portos do Rio de Janeiro;CPRIOJ;RJ;Cábrea;42
"1º ";Capitania dos Portos do Rio de Janeiro;CPRIOJ;RJ;Caiaque;94
"1º ";Capitania dos Portos do Rio de Janeiro;CPRIOJ;RJ;Caique;11
"1º ";Capitania dos Portos do Rio de Janeiro;CPRIOJ;RJ;Canoa;119
"1º ";Capitania dos Portos do Rio de Janeiro;CPRIOJ;RJ;Carga Geral;119
"1º ";Capitania dos Portos do Rio de Janeiro;CPRIOJ;RJ;Chata;511
"1º ";Capitania dos Portos do Rio de Janeiro;CPRIOJ;RJ;Cisterna (FSU);3
"1º ";Capitania dos Portos do Rio de Janeiro;CPRIOJ;RJ;Dique Flutuante;41
"1º ";Capitania dos Portos do Rio de Janeiro;CPRIOJ;RJ;Draga;157
"1º ";Capitania dos Portos do Rio de Janeiro;CPRIOJ;RJ;Embarcação Autônoma;1
"1º ";Capitania dos Portos do Rio de Janeiro;CPRIOJ;RJ;Empurrador;24
"1º ";Capitania dos Portos do Rio de Janeiro;CPRIOJ;RJ;Escuna;76
"1º ";Capitania dos Portos do Rio de Janeiro;CPRIOJ;RJ;Estimulador de Poço;1
"1º ";Capitania dos Portos do Rio de Janeiro;CPRIOJ;RJ;Floating, Production, Storage and Off-Loading Unit (FPSO);33
"1º ";Capitania dos Portos do Rio de Janeiro;CPRIOJ;RJ;Flotel;4
"1º ";Capitania dos Portos do Rio de Janeiro;CPRIOJ;RJ;Flutuante;760
"1º ";Capitania dos Portos do Rio de Janeiro;CPRIOJ;RJ;Graneleiro;77
"1º ";Capitania dos Portos do Rio de Janeiro;CPRIOJ;RJ;Hovercraft;9
"1º ";Capitania dos Portos do Rio de Janeiro;CPRIOJ;RJ;Iate;175
"1º ";Capitania dos Portos do Rio de Janeiro;CPRIOJ;RJ;Jangada;74
"1º ";Capitania dos Portos do Rio de Janeiro;CPRIOJ;RJ;Jet Boat;25
"1º ";Capitania dos Portos do Rio de Janeiro;CPRIOJ;RJ;Lançador de Linhas;17
"1º ";Capitania dos Portos do Rio de Janeiro;CPRIOJ;RJ;Lancha;17469
"1º ";Capitania dos Portos do Rio de Janeiro;CPRIOJ;RJ;Laser;4
"1º ";Capitania dos Portos do Rio de Janeiro;CPRIOJ;RJ;Manuseio de Âncora (AHTS);81
"1º ";Capitania dos Portos do Rio de Janeiro;CPRIOJ;RJ;Manuseio de Linhas;2
"1º ";Capitania dos Portos do Rio de Janeiro;CPRIOJ;RJ;Moto-Aquática/similar;4168
"1º ";Capitania dos Portos do Rio de Janeiro;CPRIOJ;RJ;Multicasco (Catamarã, Trimarã, Tetramarã, etc);142
"1º ";Capitania dos Portos do Rio de Janeiro;CPRIOJ;RJ;Multipurpose;17
"1º ";Capitania dos Portos do Rio de Janeiro;CPRIOJ;RJ;Outros;18545
"1º ";Capitania dos Portos do Rio de Janeiro;CPRIOJ;RJ;Passageiro;55
"1º ";Capitania dos Portos do Rio de Janeiro;CPRIOJ;RJ;Passageiro / Carga Geral;8
"1º ";Capitania dos Portos do Rio de Janeiro;CPRIOJ;RJ;Passageiro de Alta Velocidade (HSC Passageiro);1
"1º ";Capitania dos Portos do Rio de Janeiro;CPRIOJ;RJ;Pesqueiro;387
"1º ";Capitania dos Portos do Rio de Janeiro;CPRIOJ;RJ;Pesquisa;64
"1º ";Capitania dos Portos do Rio de Janeiro;CPRIOJ;RJ;Petroleiro;136
"1º ";Capitania dos Portos do Rio de Janeiro;CPRIOJ;RJ;Petroleiro e Químico;7
"1º ";Capitania dos Portos do Rio de Janeiro;CPRIOJ;RJ;Plataforma Auto-Elevável;4
"1º ";Capitania dos Portos do Rio de Janeiro;CPRIOJ;RJ;Plataforma Fixa;11
"1º ";Capitania dos Portos do Rio de Janeiro;CPRIOJ;RJ;Plataforma Semi-Submersível;27
"1º ";Capitania dos Portos do Rio de Janeiro;CPRIOJ;RJ;Porta-Contentor;29
"1º ";Capitania dos Portos do Rio de Janeiro;CPRIOJ;RJ;Químico;13
"1º ";Capitania dos Portos do Rio de Janeiro;CPRIOJ;RJ;Químico e Gaseiro;3
"1º ";Capitania dos Portos do Rio de Janeiro;CPRIOJ;RJ;Rebocador;575
"1º ";Capitania dos Portos do Rio de Janeiro;CPRIOJ;RJ;"Roll-on / Roll-off Carga ";8
"1º ";Capitania dos Portos do Rio de Janeiro;CPRIOJ;RJ;Roll-on / Roll-off Passageiro (Ferry Boat);2
"1º ";Capitania dos Portos do Rio de Janeiro;CPRIOJ;RJ;Saveiro;82
"1º ";Capitania dos Portos do Rio de Janeiro;CPRIOJ;RJ;Sonda;30
"1º ";Capitania dos Portos do Rio de Janeiro;CPRIOJ;RJ;Supridor (Supply);466
"1º ";Capitania dos Portos do Rio de Janeiro;CPRIOJ;RJ;Tanque (transporte de granéis líquidos);8
"1º ";Capitania dos Portos do Rio de Janeiro;CPRIOJ;RJ;Traineira;833
"1º ";Capitania dos Portos do Rio de Janeiro;CPRIOJ;RJ;Transporte de Carga Pesada (Navio de Cargas Especiais);6
"1º ";Capitania dos Portos do Rio de Janeiro;CPRIOJ;RJ;Transporte de Gases Liquefeitos;15
"1º ";Capitania dos Portos do Rio de Janeiro;CPRIOJ;RJ;Veleiro;5449
"1º ";Capitania Fluvial de Minas Gerais;CFBELZ;MG;Apoio a ROV;1
"1º ";Capitania Fluvial de Minas Gerais;CFBELZ;MG;Balsa;40
"1º ";Capitania Fluvial de Minas Gerais;CFBELZ;MG;Barcaça;2
"1º ";Capitania Fluvial de Minas Gerais;CFBELZ;MG;Bote;3799
"1º ";Capitania Fluvial de Minas Gerais;CFBELZ;MG;Caiaque;66
"1º ";Capitania Fluvial de Minas Gerais;CFBELZ;MG;Caique;2
"1º ";Capitania Fluvial de Minas Gerais;CFBELZ;MG;Canoa;88
"1º ";Capitania Fluvial de Minas Gerais;CFBELZ;MG;Chata;38
"1º ";Capitania Fluvial de Minas Gerais;CFBELZ;MG;Draga;30
"1º ";Capitania Fluvial de Minas Gerais;CFBELZ;MG;Empurrador;2
"1º ";Capitania Fluvial de Minas Gerais;CFBELZ;MG;Flutuante;14
"1º ";Capitania Fluvial de Minas Gerais;CFBELZ;MG;Iate;1
"1º ";Capitania Fluvial de Minas Gerais;CFBELZ;MG;Jangada;1
"1º ";Capitania Fluvial de Minas Gerais;CFBELZ;MG;Jet Boat;15
"1º ";Capitania Fluvial de Minas Gerais;CFBELZ;MG;Lancha;2503
"1º ";Capitania Fluvial de Minas Gerais;CFBELZ;MG;Manuseio de Âncora (AHTS);5
"1º ";Capitania Fluvial de Minas Gerais;CFBELZ;MG;Moto-Aquática/similar;4333
"1º ";Capitania Fluvial de Minas Gerais;CFBELZ;MG;Multicasco (Catamarã, Trimarã, Tetramarã, etc);102
"1º ";Capitania Fluvial de Minas Gerais;CFBELZ;MG;Outros;4
"1º ";Capitania Fluvial de Minas Gerais;CFBELZ;MG;Passageiro;2
"1º ";Capitania Fluvial de Minas Gerais;CFBELZ;MG;Petroleiro;7
"1º ";Capitania Fluvial de Minas Gerais;CFBELZ;MG;Rebocador;4
"1º ";Capitania Fluvial de Minas Gerais;CFBELZ;MG;Traineira;2
"1º ";Capitania Fluvial de Minas Gerais;CFBELZ;MG;Veleiro;54
"1º ";Delegacia da Capitania dos Portos em Angra dos Reis;DLANGR;RJ;Apoio a Mergulho;3
"1º ";Delegacia da Capitania dos Portos em Angra dos Reis;DLANGR;RJ;Balsa;42
"1º ";Delegacia da Capitania dos Portos em Angra dos Reis;DLANGR;RJ;Barcaça;111
"1º ";Delegacia da Capitania dos Portos em Angra dos Reis;DLANGR;RJ;Batelão;5
"1º ";Delegacia da Capitania dos Portos em Angra dos Reis;DLANGR;RJ;Bote;3264
"1º ";Delegacia da Capitania dos Portos em Angra dos Reis;DLANGR;RJ;Cábrea;1
"1º ";Delegacia da Capitania dos Portos em Angra dos Reis;DLANGR;RJ;Caiaque;4
"1º ";Delegacia da Capitania dos Portos em Angra dos Reis;DLANGR;RJ;Canoa;12
"1º ";Delegacia da Capitania dos Portos em Angra dos Reis;DLANGR;RJ;Chata;6
"1º ";Delegacia da Capitania dos Portos em Angra dos Reis;DLANGR;RJ;Dique Flutuante;5
"1º ";Delegacia da Capitania dos Portos em Angra dos Reis;DLANGR;RJ;Draga;53
"1º ";Delegacia da Capitania dos Portos em Angra dos Reis;DLANGR;RJ;Empurrador;1
"1º ";Delegacia da Capitania dos Portos em Angra dos Reis;DLANGR;RJ;Escuna;128
"1º ";Delegacia da Capitania dos Portos em Angra dos Reis;DLANGR;RJ;Floating, Production, Storage and Off-Loading Unit (FPSO);5
"1º ";Delegacia da Capitania dos Portos em Angra dos Reis;DLANGR;RJ;Flutuante;53
"1º ";Delegacia da Capitania dos Portos em Angra dos Reis;DLANGR;RJ;Iate;24
"1º ";Delegacia da Capitania dos Portos em Angra dos Reis;DLANGR;RJ;Jangada;12
"1º ";Delegacia da Capitania dos Portos em Angra dos Reis;DLANGR;RJ;Jet Boat;18
"1º ";Delegacia da Capitania dos Portos em Angra dos Reis;DLANGR;RJ;Lançador de Linhas;1
"1º ";Delegacia da Capitania dos Portos em Angra dos Reis;DLANGR;RJ;Lancha;6192
"1º ";Delegacia da Capitania dos Portos em Angra dos Reis;DLANGR;RJ;Laser;1
"1º ";Delegacia da Capitania dos Portos em Angra dos Reis;DLANGR;RJ;Moto-Aquática/similar;1786
"1º ";Delegacia da Capitania dos Portos em Angra dos Reis;DLANGR;RJ;Multicasco (Catamarã, Trimarã, Tetramarã, etc);29
"1º ";Delegacia da Capitania dos Portos em Angra dos Reis;DLANGR;RJ;Outros;1443
"1º ";Delegacia da Capitania dos Portos em Angra dos Reis;DLANGR;RJ;Passageiro / Carga Geral;2
"1º ";Delegacia da Capitania dos Portos em Angra dos Reis;DLANGR;RJ;Pesqueiro;64
"1º ";Delegacia da Capitania dos Portos em Angra dos Reis;DLANGR;RJ;Pesquisa;1
"1º ";Delegacia da Capitania dos Portos em Angra dos Reis;DLANGR;RJ;Petroleiro;12
"1º ";Delegacia da Capitania dos Portos em Angra dos Reis;DLANGR;RJ;Plataforma Auto-Elevável;1
"1º ";Delegacia da Capitania dos Portos em Angra dos Reis;DLANGR;RJ;Plataforma Fixa;2
"1º ";Delegacia da Capitania dos Portos em Angra dos Reis;DLANGR;RJ;Plataforma Semi-Submersível;12
"1º ";Delegacia da Capitania dos Portos em Angra dos Reis;DLANGR;RJ;Rebocador;11
"1º ";Delegacia da Capitania dos Portos em Angra dos Reis;DLANGR;RJ;Saveiro;58
"1º ";Delegacia da Capitania dos Portos em Angra dos Reis;DLANGR;RJ;Sonda;1
"1º ";Delegacia da Capitania dos Portos em Angra dos Reis;DLANGR;RJ;Tanque (transporte de granéis líquidos);2
"1º ";Delegacia da Capitania dos Portos em Angra dos Reis;DLANGR;RJ;Traineira;449
"1º ";Delegacia da Capitania dos Portos em Angra dos Reis;DLANGR;RJ;Veleiro;578
"1º ";Delegacia da Capitania dos Portos em Cabo Frio;DLCABO;RJ;Apoio à Manobra;3
"1º ";Delegacia da Capitania dos Portos em Cabo Frio;DLCABO;RJ;Apoio a Mergulho;11
"1º ";Delegacia da Capitania dos Portos em Cabo Frio;DLCABO;RJ;Balsa;29
"1º ";Delegacia da Capitania dos Portos em Cabo Frio;DLCABO;RJ;Barcaça;90
"1º ";Delegacia da Capitania dos Portos em Cabo Frio;DLCABO;RJ;Batelão;6
"1º ";Delegacia da Capitania dos Portos em Cabo Frio;DLCABO;RJ;Bote;2208
"1º ";Delegacia da Capitania dos Portos em Cabo Frio;DLCABO;RJ;Caiaque;53
"1º ";Delegacia da Capitania dos Portos em Cabo Frio;DLCABO;RJ;Caique;5
"1º ";Delegacia da Capitania dos Portos em Cabo Frio;DLCABO;RJ;Canoa;17
"1º ";Delegacia da Capitania dos Portos em Cabo Frio;DLCABO;RJ;Carga Geral;1
"1º ";Delegacia da Capitania dos Portos em Cabo Frio;DLCABO;RJ;Chata;5
"1º ";Delegacia da Capitania dos Portos em Cabo Frio;DLCABO;RJ;Draga;20
"1º ";Delegacia da Capitania dos Portos em Cabo Frio;DLCABO;RJ;Escuna;140
"1º ";Delegacia da Capitania dos Portos em Cabo Frio;DLCABO;RJ;Flutuante;8
"1º ";Delegacia da Capitania dos Portos em Cabo Frio;DLCABO;RJ;Graneleiro;1
"1º ";Delegacia da Capitania dos Portos em Cabo Frio;DLCABO;RJ;Iate;5
"1º ";Delegacia da Capitania dos Portos em Cabo Frio;DLCABO;RJ;Jangada;58
"1º ";Delegacia da Capitania dos Portos em Cabo Frio;DLCABO;RJ;Jet Boat;9
"1º ";Delegacia da Capitania dos Portos em Cabo Frio;DLCABO;RJ;Lancha;3685
"1º ";Delegacia da Capitania dos Portos em Cabo Frio;DLCABO;RJ;Moto-Aquática/similar;2618
"1º ";Delegacia da Capitania dos Portos em Cabo Frio;DLCABO;RJ;Multicasco (Catamarã, Trimarã, Tetramarã, etc);33
"1º ";Delegacia da Capitania dos Portos em Cabo Frio;DLCABO;RJ;Outros;1409
"1º ";Delegacia da Capitania dos Portos em Cabo Frio;DLCABO;RJ;Passageiro;92
"1º ";Delegacia da Capitania dos Portos em Cabo Frio;DLCABO;RJ;Pesqueiro;195
"1º ";Delegacia da Capitania dos Portos em Cabo Frio;DLCABO;RJ;Pesquisa;1
"1º ";Delegacia da Capitania dos Portos em Cabo Frio;DLCABO;RJ;Rebocador;4
"1º ";Delegacia da Capitania dos Portos em Cabo Frio;DLCABO;RJ;Saveiro;25
"1º ";Delegacia da Capitania dos Portos em Cabo Frio;DLCABO;RJ;Traineira;174
"1º ";Delegacia da Capitania dos Portos em Cabo Frio;DLCABO;RJ;Veleiro;270
"1º ";Delegacia da Capitania dos Portos em Itacuruçá;DLRUCA;RJ;Alvarenga;1
"1º ";Delegacia da Capitania dos Portos em Itacuruçá;DLRUCA;RJ;Apoio a Mergulho;3
"1º ";Delegacia da Capitania dos Portos em Itacuruçá;DLRUCA;RJ;Balsa;9
"1º ";Delegacia da Capitania dos Portos em Itacuruçá;DLRUCA;RJ;Barcaça;16
"1º ";Delegacia da Capitania dos Portos em Itacuruçá;DLRUCA;RJ;Batelão;5
"1º ";Delegacia da Capitania dos Portos em Itacuruçá;DLRUCA;RJ;Bote;5175
"1º ";Delegacia da Capitania dos Portos em Itacuruçá;DLRUCA;RJ;Caiaque;61
"1º ";Delegacia da Capitania dos Portos em Itacuruçá;DLRUCA;RJ;Caique;62
"1º ";Delegacia da Capitania dos Portos em Itacuruçá;DLRUCA;RJ;Canoa;117
"1º ";Delegacia da Capitania dos Portos em Itacuruçá;DLRUCA;RJ;Carga Geral;1
"1º ";Delegacia da Capitania dos Portos em Itacuruçá;DLRUCA;RJ;Chata;33
"1º ";Delegacia da Capitania dos Portos em Itacuruçá;DLRUCA;RJ;Draga;8
"1º ";Delegacia da Capitania dos Portos em Itacuruçá;DLRUCA;RJ;Escuna;52
"1º ";Delegacia da Capitania dos Portos em Itacuruçá;DLRUCA;RJ;Flutuante;162
"1º ";Delegacia da Capitania dos Portos em Itacuruçá;DLRUCA;RJ;Iate;7
"1º ";Delegacia da Capitania dos Portos em Itacuruçá;DLRUCA;RJ;Jangada;17
"1º ";Delegacia da Capitania dos Portos em Itacuruçá;DLRUCA;RJ;Jet Boat;5
"1º ";Delegacia da Capitania dos Portos em Itacuruçá;DLRUCA;RJ;Lancha;5740
"1º ";Delegacia da Capitania dos Portos em Itacuruçá;DLRUCA;RJ;Moto-Aquática/similar;1735
"1º ";Delegacia da Capitania dos Portos em Itacuruçá;DLRUCA;RJ;Multicasco (Catamarã, Trimarã, Tetramarã, etc);17
"1º ";Delegacia da Capitania dos Portos em Itacuruçá;DLRUCA;RJ;Outros;4760
"1º ";Delegacia da Capitania dos Portos em Itacuruçá;DLRUCA;RJ;Passageiro;5
"1º ";Delegacia da Capitania dos Portos em Itacuruçá;DLRUCA;RJ;Passageiro / Carga Geral;22
"1º ";Delegacia da Capitania dos Portos em Itacuruçá;DLRUCA;RJ;Pesqueiro;208
"1º ";Delegacia da Capitania dos Portos em Itacuruçá;DLRUCA;RJ;Petroleiro;1
"1º ";Delegacia da Capitania dos Portos em Itacuruçá;DLRUCA;RJ;Rebocador;14
"1º ";Delegacia da Capitania dos Portos em Itacuruçá;DLRUCA;RJ;Roll-on / Roll-off Passageiro (Ferry Boat);1
"1º ";Delegacia da Capitania dos Portos em Itacuruçá;DLRUCA;RJ;Saveiro;36
"1º ";Delegacia da Capitania dos Portos em Itacuruçá;DLRUCA;RJ;Traineira;205
"1º ";Delegacia da Capitania dos Portos em Itacuruçá;DLRUCA;RJ;Transporte de Carga Pesada (Navio de Cargas Especiais);1
"1º ";Delegacia da Capitania dos Portos em Itacuruçá;DLRUCA;RJ;Veleiro;233
"1º ";Delegacia Fluvial de Furnas;DLFURN;MG;Balsa;28
"1º ";Delegacia Fluvial de Furnas;DLFURN;MG;Barcaça;1
"1º ";Delegacia Fluvial de Furnas;DLFURN;MG;Bote;2176
"1º ";Delegacia Fluvial de Furnas;DLFURN;MG;Caiaque;72
"1º ";Delegacia Fluvial de Furnas;DLFURN;MG;Caique;2
"1º ";Delegacia Fluvial de Furnas;DLFURN;MG;Canoa;17
"1º ";Delegacia Fluvial de Furnas;DLFURN;MG;Chata;4
"1º ";Delegacia Fluvial de Furnas;DLFURN;MG;Draga;27
"1º ";Delegacia Fluvial de Furnas;DLFURN;MG;Empurrador;2
"1º ";Delegacia Fluvial de Furnas;DLFURN;MG;Flutuante;23
"1º ";Delegacia Fluvial de Furnas;DLFURN;MG;Jet Boat;3
"1º ";Delegacia Fluvial de Furnas;DLFURN;MG;Lançador de Linhas;2
"1º ";Delegacia Fluvial de Furnas;DLFURN;MG;Lancha;2088
"1º ";Delegacia Fluvial de Furnas;DLFURN;MG;Manuseio de Âncora (AHTS);1
"1º ";Delegacia Fluvial de Furnas;DLFURN;MG;Manuseio de Linhas;1
"1º ";Delegacia Fluvial de Furnas;DLFURN;MG;Moto-Aquática/similar;1738
"1º ";Delegacia Fluvial de Furnas;DLFURN;MG;Multicasco (Catamarã, Trimarã, Tetramarã, etc);171
"1º ";Delegacia Fluvial de Furnas;DLFURN;MG;Outros;1
"1º ";Delegacia Fluvial de Furnas;DLFURN;MG;Passageiro;2
"1º ";Delegacia Fluvial de Furnas;DLFURN;MG;Rebocador;1
"1º ";Delegacia Fluvial de Furnas;DLFURN;MG;Roll-on / Roll-off Passageiro (Ferry Boat);3
"1º ";Delegacia Fluvial de Furnas;DLFURN;MG;Veleiro;18
"1º ";Delegacia Fluvial de Pirapora;DLPIRA;MG;Apoio à Manobra;1
"1º ";Delegacia Fluvial de Pirapora;DLPIRA;MG;Balsa;107
"1º ";Delegacia Fluvial de Pirapora;DLPIRA;MG;Barcaça;16
"1º ";Delegacia Fluvial de Pirapora;DLPIRA;MG;Batelão;3
"1º ";Delegacia Fluvial de Pirapora;DLPIRA;MG;Bote;8634
"1º ";Delegacia Fluvial de Pirapora;DLPIRA;MG;Cábrea;1
"1º ";Delegacia Fluvial de Pirapora;DLPIRA;MG;Caiaque;56
"1º ";Delegacia Fluvial de Pirapora;DLPIRA;MG;Caique;1
"1º ";Delegacia Fluvial de Pirapora;DLPIRA;MG;Canoa;6874
"1º ";Delegacia Fluvial de Pirapora;DLPIRA;MG;Chata;638
"1º ";Delegacia Fluvial de Pirapora;DLPIRA;MG;Draga;675
"1º ";Delegacia Fluvial de Pirapora;DLPIRA;MG;Empurrador;21
"1º ";Delegacia Fluvial de Pirapora;DLPIRA;MG;Escuna;2
"1º ";Delegacia Fluvial de Pirapora;DLPIRA;MG;Flutuante;17
"1º ";Delegacia Fluvial de Pirapora;DLPIRA;MG;Hovercraft;2
"1º ";Delegacia Fluvial de Pirapora;DLPIRA;MG;Jangada;4
"1º ";Delegacia Fluvial de Pirapora;DLPIRA;MG;Jet Boat;10
"1º ";Delegacia Fluvial de Pirapora;DLPIRA;MG;Lancha;5341
"1º ";Delegacia Fluvial de Pirapora;DLPIRA;MG;Manuseio de Linhas;1
"1º ";Delegacia Fluvial de Pirapora;DLPIRA;MG;Moto-Aquática/similar;1526
"1º ";Delegacia Fluvial de Pirapora;DLPIRA;MG;Multicasco (Catamarã, Trimarã, Tetramarã, etc);18
"1º ";Delegacia Fluvial de Pirapora;DLPIRA;MG;Outros;2129
"1º ";Delegacia Fluvial de Pirapora;DLPIRA;MG;Passageiro;4
"1º ";Delegacia Fluvial de Pirapora;DLPIRA;MG;Pesqueiro;2
"1º ";Delegacia Fluvial de Pirapora;DLPIRA;MG;Pesquisa;1
"1º ";Delegacia Fluvial de Pirapora;DLPIRA;MG;Rebocador;37
"1º ";Delegacia Fluvial de Pirapora;DLPIRA;MG;Saveiro;1
"1º ";Delegacia Fluvial de Pirapora;DLPIRA;MG;Traineira;1
"1º ";Delegacia Fluvial de Pirapora;DLPIRA;MG;Veleiro;38
"2º ";Agência Fluvial de Bom Jesus da Lapa;AGBJLP;BA;Balsa;36
"2º ";Agência Fluvial de Bom Jesus da Lapa;AGBJLP;BA;Barcaça;7
"2º ";Agência Fluvial de Bom Jesus da Lapa;AGBJLP;BA;Batelão;1
"2º ";Agência Fluvial de Bom Jesus da Lapa;AGBJLP;BA;Bote;1135
"2º ";Agência Fluvial de Bom Jesus da Lapa;AGBJLP;BA;Caiaque;5
"2º ";Agência Fluvial de Bom Jesus da Lapa;AGBJLP;BA;Canoa;1900
"2º ";Agência Fluvial de Bom Jesus da Lapa;AGBJLP;BA;Chata;158
"2º ";Agência Fluvial de Bom Jesus da Lapa;AGBJLP;BA;Draga;57
"2º ";Agência Fluvial de Bom Jesus da Lapa;AGBJLP;BA;Empurrador;12
"2º ";Agência Fluvial de Bom Jesus da Lapa;AGBJLP;BA;Flutuante;4
"2º ";Agência Fluvial de Bom Jesus da Lapa;AGBJLP;BA;Jangada;3
"2º ";Agência Fluvial de Bom Jesus da Lapa;AGBJLP;BA;Jet Boat;3
"2º ";Agência Fluvial de Bom Jesus da Lapa;AGBJLP;BA;Lancha;2151
"2º ";Agência Fluvial de Bom Jesus da Lapa;AGBJLP;BA;Moto-Aquática/similar;335
"2º ";Agência Fluvial de Bom Jesus da Lapa;AGBJLP;BA;Multicasco (Catamarã, Trimarã, Tetramarã, etc);7
"2º ";Agência Fluvial de Bom Jesus da Lapa;AGBJLP;BA;Outros;182
"2º ";Agência Fluvial de Bom Jesus da Lapa;AGBJLP;BA;Passageiro / Carga Geral;1
"2º ";Agência Fluvial de Bom Jesus da Lapa;AGBJLP;BA;Pesqueiro;2
"2º ";Agência Fluvial de Bom Jesus da Lapa;AGBJLP;BA;Rebocador;18
"2º ";Agência Fluvial de Bom Jesus da Lapa;AGBJLP;BA;Saveiro;1
"2º ";Capitania dos Portos da Bahia;CPSALV;BA;Apoio a Mergulho;9
"2º ";Capitania dos Portos da Bahia;CPSALV;BA;Balsa;119
"2º ";Capitania dos Portos da Bahia;CPSALV;BA;Barcaça;184
"2º ";Capitania dos Portos da Bahia;CPSALV;BA;Bote;1415
"2º ";Capitania dos Portos da Bahia;CPSALV;BA;Cábrea;6
"2º ";Capitania dos Portos da Bahia;CPSALV;BA;Caiaque;21
"2º ";Capitania dos Portos da Bahia;CPSALV;BA;Caique;6
"2º ";Capitania dos Portos da Bahia;CPSALV;BA;Canoa;2115
"2º ";Capitania dos Portos da Bahia;CPSALV;BA;Carga Geral;2
"2º ";Capitania dos Portos da Bahia;CPSALV;BA;Chata;91
"2º ";Capitania dos Portos da Bahia;CPSALV;BA;Draga;17
"2º ";Capitania dos Portos da Bahia;CPSALV;BA;Empurrador;3
"2º ";Capitania dos Portos da Bahia;CPSALV;BA;Escuna;217
"2º ";Capitania dos Portos da Bahia;CPSALV;BA;Flutuante;90
"2º ";Capitania dos Portos da Bahia;CPSALV;BA;Hovercraft;1
"2º ";Capitania dos Portos da Bahia;CPSALV;BA;Iate;90
"2º ";Capitania dos Portos da Bahia;CPSALV;BA;Jangada;180
"2º ";Capitania dos Portos da Bahia;CPSALV;BA;Jet Boat;25
"2º ";Capitania dos Portos da Bahia;CPSALV;BA;Lançador de Linhas;4
"2º ";Capitania dos Portos da Bahia;CPSALV;BA;Lancha;8014
"2º ";Capitania dos Portos da Bahia;CPSALV;BA;Laser;2
"2º ";Capitania dos Portos da Bahia;CPSALV;BA;Manuseio de Âncora (AHTS);2
"2º ";Capitania dos Portos da Bahia;CPSALV;BA;Manuseio de Linhas;1
"2º ";Capitania dos Portos da Bahia;CPSALV;BA;Moto-Aquática/similar;4076
"2º ";Capitania dos Portos da Bahia;CPSALV;BA;Multicasco (Catamarã, Trimarã, Tetramarã, etc);99
"2º ";Capitania dos Portos da Bahia;CPSALV;BA;Multipurpose;1
"2º ";Capitania dos Portos da Bahia;CPSALV;BA;Outros;682
"2º ";Capitania dos Portos da Bahia;CPSALV;BA;Passageiro;3
"2º ";Capitania dos Portos da Bahia;CPSALV;BA;Pesqueiro;38
"2º ";Capitania dos Portos da Bahia;CPSALV;BA;Pesquisa;1
"2º ";Capitania dos Portos da Bahia;CPSALV;BA;Petroleiro;37
"2º ";Capitania dos Portos da Bahia;CPSALV;BA;Petroleiro e Químico;5
"2º ";Capitania dos Portos da Bahia;CPSALV;BA;Plataforma Auto-Elevável;3
"2º ";Capitania dos Portos da Bahia;CPSALV;BA;Porta-Contentor;5
"2º ";Capitania dos Portos da Bahia;CPSALV;BA;Químico;6
"2º ";Capitania dos Portos da Bahia;CPSALV;BA;Químico e Gaseiro;2
"2º ";Capitania dos Portos da Bahia;CPSALV;BA;Rebocador;32
"2º ";Capitania dos Portos da Bahia;CPSALV;BA;Roll-on / Roll-off Passageiro (Ferry Boat);12
"2º ";Capitania dos Portos da Bahia;CPSALV;BA;Saveiro;6178
"2º ";Capitania dos Portos da Bahia;CPSALV;BA;Supridor (Supply);1
"2º ";Capitania dos Portos da Bahia;CPSALV;BA;Tanque (transporte de granéis líquidos);10
"2º ";Capitania dos Portos da Bahia;CPSALV;BA;Traineira;13
"2º ";Capitania dos Portos da Bahia;CPSALV;BA;Transporte de Gases Liquefeitos;2
"2º ";Capitania dos Portos da Bahia;CPSALV;BA;Veleiro;762
"2º ";Capitania dos Portos de Sergipe;CPCAJU;SE;Apoio à Manobra;1
"2º ";Capitania dos Portos de Sergipe;CPCAJU;SE;Apoio a Mergulho;1
"2º ";Capitania dos Portos de Sergipe;CPCAJU;SE;Balsa;22
"2º ";Capitania dos Portos de Sergipe;CPCAJU;SE;Bote;820
"2º ";Capitania dos Portos de Sergipe;CPCAJU;SE;Cábrea;1
"2º ";Capitania dos Portos de Sergipe;CPCAJU;SE;Caiaque;28
"2º ";Capitania dos Portos de Sergipe;CPCAJU;SE;Canoa;620
"2º ";Capitania dos Portos de Sergipe;CPCAJU;SE;Carga Geral;1
"2º ";Capitania dos Portos de Sergipe;CPCAJU;SE;Chata;4
"2º ";Capitania dos Portos de Sergipe;CPCAJU;SE;Draga;2
"2º ";Capitania dos Portos de Sergipe;CPCAJU;SE;Escuna;7
"2º ";Capitania dos Portos de Sergipe;CPCAJU;SE;Flutuante;49
"2º ";Capitania dos Portos de Sergipe;CPCAJU;SE;Graneleiro;1
"2º ";Capitania dos Portos de Sergipe;CPCAJU;SE;Iate;1
"2º ";Capitania dos Portos de Sergipe;CPCAJU;SE;Jangada;346
"2º ";Capitania dos Portos de Sergipe;CPCAJU;SE;Jet Boat;8
"2º ";Capitania dos Portos de Sergipe;CPCAJU;SE;Lancha;1111
"2º ";Capitania dos Portos de Sergipe;CPCAJU;SE;Moto-Aquática/similar;1397
"2º ";Capitania dos Portos de Sergipe;CPCAJU;SE;Multicasco (Catamarã, Trimarã, Tetramarã, etc);37
"2º ";Capitania dos Portos de Sergipe;CPCAJU;SE;Outros;740
"2º ";Capitania dos Portos de Sergipe;CPCAJU;SE;Passageiro;13
"2º ";Capitania dos Portos de Sergipe;CPCAJU;SE;Pesqueiro;122
"2º ";Capitania dos Portos de Sergipe;CPCAJU;SE;Pesquisa;4
"2º ";Capitania dos Portos de Sergipe;CPCAJU;SE;Plataforma Semi-Submersível;1
"2º ";Capitania dos Portos de Sergipe;CPCAJU;SE;Rebocador;2
"2º ";Capitania dos Portos de Sergipe;CPCAJU;SE;Saveiro;5
"2º ";Capitania dos Portos de Sergipe;CPCAJU;SE;Transporte de Gases Liquefeitos;1
"2º ";Capitania dos Portos de Sergipe;CPCAJU;SE;Veleiro;53
"2º ";Capitania Fluvial de Juazeiro;CFJUAZ;BA;Apoio a Mergulho;2
"2º ";Capitania Fluvial de Juazeiro;CFJUAZ;BA;Balsa;52
"2º ";Capitania Fluvial de Juazeiro;CFJUAZ;BA;Barcaça;401
"2º ";Capitania Fluvial de Juazeiro;CFJUAZ;BA;Bote;541
"2º ";Capitania Fluvial de Juazeiro;CFJUAZ;BA;Cábrea;1
"2º ";Capitania Fluvial de Juazeiro;CFJUAZ;BA;Caiaque;10
"2º ";Capitania Fluvial de Juazeiro;CFJUAZ;BA;Caique;2
"2º ";Capitania Fluvial de Juazeiro;CFJUAZ;BA;Canoa;2031
"2º ";Capitania Fluvial de Juazeiro;CFJUAZ;BA;Carga Geral;43
"2º ";Capitania Fluvial de Juazeiro;CFJUAZ;BA;Chata;42
"2º ";Capitania Fluvial de Juazeiro;CFJUAZ;BA;Dique Flutuante;1
"2º ";Capitania Fluvial de Juazeiro;CFJUAZ;BA;Draga;11
"2º ";Capitania Fluvial de Juazeiro;CFJUAZ;BA;Empurrador;15
"2º ";Capitania Fluvial de Juazeiro;CFJUAZ;BA;Escuna;1
"2º ";Capitania Fluvial de Juazeiro;CFJUAZ;BA;Flutuante;2
"2º ";Capitania Fluvial de Juazeiro;CFJUAZ;BA;Hidroavião;1
"2º ";Capitania Fluvial de Juazeiro;CFJUAZ;BA;Hovercraft;1
"2º ";Capitania Fluvial de Juazeiro;CFJUAZ;BA;Jangada;127
"2º ";Capitania Fluvial de Juazeiro;CFJUAZ;BA;Jet Boat;13
"2º ";Capitania Fluvial de Juazeiro;CFJUAZ;BA;Lançador de Linhas;1
"2º ";Capitania Fluvial de Juazeiro;CFJUAZ;BA;Lancha;1085
"2º ";Capitania Fluvial de Juazeiro;CFJUAZ;BA;Moto-Aquática/similar;1657
"2º ";Capitania Fluvial de Juazeiro;CFJUAZ;BA;Multicasco (Catamarã, Trimarã, Tetramarã, etc);23
"2º ";Capitania Fluvial de Juazeiro;CFJUAZ;BA;Outros;78
"2º ";Capitania Fluvial de Juazeiro;CFJUAZ;BA;Passageiro;42
"2º ";Capitania Fluvial de Juazeiro;CFJUAZ;BA;Passageiro / Carga Geral;18
"2º ";Capitania Fluvial de Juazeiro;CFJUAZ;BA;Pesqueiro;13
"2º ";Capitania Fluvial de Juazeiro;CFJUAZ;BA;Pesquisa;1
"2º ";Capitania Fluvial de Juazeiro;CFJUAZ;BA;Rebocador;16
"2º ";Capitania Fluvial de Juazeiro;CFJUAZ;BA;Roll-on / Roll-off Passageiro (Ferry Boat);1
"2º ";Capitania Fluvial de Juazeiro;CFJUAZ;BA;Transporte Escolar;1
"2º ";Capitania Fluvial de Juazeiro;CFJUAZ;BA;Veleiro;10
"2º ";Delegacia da Capitania dos Portos em Ilhéus;DLHEUS;BA;Balsa;37
"2º ";Delegacia da Capitania dos Portos em Ilhéus;DLHEUS;BA;Barcaça;18
"2º ";Delegacia da Capitania dos Portos em Ilhéus;DLHEUS;BA;Bote;335
"2º ";Delegacia da Capitania dos Portos em Ilhéus;DLHEUS;BA;Cábrea;2
"2º ";Delegacia da Capitania dos Portos em Ilhéus;DLHEUS;BA;Caiaque;34
"2º ";Delegacia da Capitania dos Portos em Ilhéus;DLHEUS;BA;Caique;3
"2º ";Delegacia da Capitania dos Portos em Ilhéus;DLHEUS;BA;Canoa;593
"2º ";Delegacia da Capitania dos Portos em Ilhéus;DLHEUS;BA;Chata;8
"2º ";Delegacia da Capitania dos Portos em Ilhéus;DLHEUS;BA;Draga;8
"2º ";Delegacia da Capitania dos Portos em Ilhéus;DLHEUS;BA;Empurrador;5
"2º ";Delegacia da Capitania dos Portos em Ilhéus;DLHEUS;BA;Escuna;28
"2º ";Delegacia da Capitania dos Portos em Ilhéus;DLHEUS;BA;Floating, Production, Storage and Off-Loading Unit (FPSO);1
"2º ";Delegacia da Capitania dos Portos em Ilhéus;DLHEUS;BA;Flutuante;4
"2º ";Delegacia da Capitania dos Portos em Ilhéus;DLHEUS;BA;Hovercraft;1
"2º ";Delegacia da Capitania dos Portos em Ilhéus;DLHEUS;BA;Iate;1
"2º ";Delegacia da Capitania dos Portos em Ilhéus;DLHEUS;BA;Jangada;51
"2º ";Delegacia da Capitania dos Portos em Ilhéus;DLHEUS;BA;Jet Boat;3
"2º ";Delegacia da Capitania dos Portos em Ilhéus;DLHEUS;BA;Lançador de Linhas;4
"2º ";Delegacia da Capitania dos Portos em Ilhéus;DLHEUS;BA;Lancha;2216
"2º ";Delegacia da Capitania dos Portos em Ilhéus;DLHEUS;BA;Laser;3
"2º ";Delegacia da Capitania dos Portos em Ilhéus;DLHEUS;BA;Manuseio de Âncora (AHTS);3
"2º ";Delegacia da Capitania dos Portos em Ilhéus;DLHEUS;BA;Moto-Aquática/similar;952
"2º ";Delegacia da Capitania dos Portos em Ilhéus;DLHEUS;BA;Multicasco (Catamarã, Trimarã, Tetramarã, etc);8
"2º ";Delegacia da Capitania dos Portos em Ilhéus;DLHEUS;BA;Outros;166
"2º ";Delegacia da Capitania dos Portos em Ilhéus;DLHEUS;BA;Passageiro;9
"2º ";Delegacia da Capitania dos Portos em Ilhéus;DLHEUS;BA;Pesqueiro;490
"2º ";Delegacia da Capitania dos Portos em Ilhéus;DLHEUS;BA;Pesquisa;1
"2º ";Delegacia da Capitania dos Portos em Ilhéus;DLHEUS;BA;Rebocador;2
"2º ";Delegacia da Capitania dos Portos em Ilhéus;DLHEUS;BA;Saveiro;350
"2º ";Delegacia da Capitania dos Portos em Ilhéus;DLHEUS;BA;Traineira;10
"2º ";Delegacia da Capitania dos Portos em Ilhéus;DLHEUS;BA;Veleiro;48
"2º ";Delegacia da Capitania dos Portos em Porto Seguro;DLSEGU;BA;Apoio à Manobra;1
"2º ";Delegacia da Capitania dos Portos em Porto Seguro;DLSEGU;BA;Apoio a Mergulho;1
"2º ";Delegacia da Capitania dos Portos em Porto Seguro;DLSEGU;BA;Balsa;24
"2º ";Delegacia da Capitania dos Portos em Porto Seguro;DLSEGU;BA;Barcaça;7
"2º ";Delegacia da Capitania dos Portos em Porto Seguro;DLSEGU;BA;Batelão;2
"2º ";Delegacia da Capitania dos Portos em Porto Seguro;DLSEGU;BA;Bote;1271
"2º ";Delegacia da Capitania dos Portos em Porto Seguro;DLSEGU;BA;Caiaque;40
"2º ";Delegacia da Capitania dos Portos em Porto Seguro;DLSEGU;BA;Caique;1
"2º ";Delegacia da Capitania dos Portos em Porto Seguro;DLSEGU;BA;Canoa;253
"2º ";Delegacia da Capitania dos Portos em Porto Seguro;DLSEGU;BA;Carga Geral;1
"2º ";Delegacia da Capitania dos Portos em Porto Seguro;DLSEGU;BA;Chata;1
"2º ";Delegacia da Capitania dos Portos em Porto Seguro;DLSEGU;BA;Draga;17
"2º ";Delegacia da Capitania dos Portos em Porto Seguro;DLSEGU;BA;Escuna;80
"2º ";Delegacia da Capitania dos Portos em Porto Seguro;DLSEGU;BA;Flutuante;10
"2º ";Delegacia da Capitania dos Portos em Porto Seguro;DLSEGU;BA;Hovercraft;1
"2º ";Delegacia da Capitania dos Portos em Porto Seguro;DLSEGU;BA;Iate;2
"2º ";Delegacia da Capitania dos Portos em Porto Seguro;DLSEGU;BA;Jangada;4
"2º ";Delegacia da Capitania dos Portos em Porto Seguro;DLSEGU;BA;Jet Boat;4
"2º ";Delegacia da Capitania dos Portos em Porto Seguro;DLSEGU;BA;Lancha;864
"2º ";Delegacia da Capitania dos Portos em Porto Seguro;DLSEGU;BA;Laser;1
"2º ";Delegacia da Capitania dos Portos em Porto Seguro;DLSEGU;BA;Moto-Aquática/similar;198
"2º ";Delegacia da Capitania dos Portos em Porto Seguro;DLSEGU;BA;Multicasco (Catamarã, Trimarã, Tetramarã, etc);23
"2º ";Delegacia da Capitania dos Portos em Porto Seguro;DLSEGU;BA;Outros;70
"2º ";Delegacia da Capitania dos Portos em Porto Seguro;DLSEGU;BA;Passageiro;11
"2º ";Delegacia da Capitania dos Portos em Porto Seguro;DLSEGU;BA;Passageiro / Carga Geral;6
"2º ";Delegacia da Capitania dos Portos em Porto Seguro;DLSEGU;BA;Pesqueiro;2114
"2º ";Delegacia da Capitania dos Portos em Porto Seguro;DLSEGU;BA;Pesquisa;2
"2º ";Delegacia da Capitania dos Portos em Porto Seguro;DLSEGU;BA;Rebocador;21
"2º ";Delegacia da Capitania dos Portos em Porto Seguro;DLSEGU;BA;Roll-on / Roll-off Passageiro (Ferry Boat);1
"2º ";Delegacia da Capitania dos Portos em Porto Seguro;DLSEGU;BA;Saveiro;48
"2º ";Delegacia da Capitania dos Portos em Porto Seguro;DLSEGU;BA;Traineira;26
"2º ";Delegacia da Capitania dos Portos em Porto Seguro;DLSEGU;BA;Veleiro;47
"3º ";Agência da Capitania dos Portos em Aracati;AGCATI;CE;Balsa;13
"3º ";Agência da Capitania dos Portos em Aracati;AGCATI;CE;Bote;614
"3º ";Agência da Capitania dos Portos em Aracati;AGCATI;CE;Canoa;132
"3º ";Agência da Capitania dos Portos em Aracati;AGCATI;CE;Chata;1
"3º ";Agência da Capitania dos Portos em Aracati;AGCATI;CE;Escuna;1
"3º ";Agência da Capitania dos Portos em Aracati;AGCATI;CE;Flutuante;1
"3º ";Agência da Capitania dos Portos em Aracati;AGCATI;CE;Iate;2
"3º ";Agência da Capitania dos Portos em Aracati;AGCATI;CE;Jangada;875
"3º ";Agência da Capitania dos Portos em Aracati;AGCATI;CE;Jet Boat;4
"3º ";Agência da Capitania dos Portos em Aracati;AGCATI;CE;Lancha;382
"3º ";Agência da Capitania dos Portos em Aracati;AGCATI;CE;Moto-Aquática/similar;307
"3º ";Agência da Capitania dos Portos em Aracati;AGCATI;CE;Multicasco (Catamarã, Trimarã, Tetramarã, etc);46
"3º ";Agência da Capitania dos Portos em Aracati;AGCATI;CE;Outros;128
"3º ";Agência da Capitania dos Portos em Aracati;AGCATI;CE;Passageiro;2
"3º ";Agência da Capitania dos Portos em Aracati;AGCATI;CE;Pesqueiro;610
"3º ";Agência da Capitania dos Portos em Aracati;AGCATI;CE;Pesquisa;1
"3º ";Agência da Capitania dos Portos em Aracati;AGCATI;CE;Veleiro;3
"3º ";Agência da Capitania dos Portos em Areia Branca;AGBRAN;RN;Balsa;20
"3º ";Agência da Capitania dos Portos em Areia Branca;AGBRAN;RN;Barcaça;15
"3º ";Agência da Capitania dos Portos em Areia Branca;AGBRAN;RN;Batelão;1
"3º ";Agência da Capitania dos Portos em Areia Branca;AGBRAN;RN;Bote;155
"3º ";Agência da Capitania dos Portos em Areia Branca;AGBRAN;RN;Caiaque;3
"3º ";Agência da Capitania dos Portos em Areia Branca;AGBRAN;RN;Caique;2
"3º ";Agência da Capitania dos Portos em Areia Branca;AGBRAN;RN;Canoa;31
"3º ";Agência da Capitania dos Portos em Areia Branca;AGBRAN;RN;Chata;2
"3º ";Agência da Capitania dos Portos em Areia Branca;AGBRAN;RN;Flutuante;1
"3º ";Agência da Capitania dos Portos em Areia Branca;AGBRAN;RN;Graneleiro;2
"3º ";Agência da Capitania dos Portos em Areia Branca;AGBRAN;RN;Jangada;104
"3º ";Agência da Capitania dos Portos em Areia Branca;AGBRAN;RN;Jet Boat;5
"3º ";Agência da Capitania dos Portos em Areia Branca;AGBRAN;RN;Lancha;80
"3º ";Agência da Capitania dos Portos em Areia Branca;AGBRAN;RN;Moto-Aquática/similar;90
"3º ";Agência da Capitania dos Portos em Areia Branca;AGBRAN;RN;Multicasco (Catamarã, Trimarã, Tetramarã, etc);33
"3º ";Agência da Capitania dos Portos em Areia Branca;AGBRAN;RN;Outros;116
"3º ";Agência da Capitania dos Portos em Areia Branca;AGBRAN;RN;Passageiro;2
"3º ";Agência da Capitania dos Portos em Areia Branca;AGBRAN;RN;Pesqueiro;210
"3º ";Agência da Capitania dos Portos em Areia Branca;AGBRAN;RN;Plataforma Auto-Elevável;1
"3º ";Agência da Capitania dos Portos em Areia Branca;AGBRAN;RN;Rebocador;2
"3º ";Agência da Capitania dos Portos em Areia Branca;AGBRAN;RN;Veleiro;2
"3º ";Agência da Capitania dos Portos em Camocim;AGOCIM;CE;Alvarenga;25
"3º ";Agência da Capitania dos Portos em Camocim;AGOCIM;CE;Balsa;48
"3º ";Agência da Capitania dos Portos em Camocim;AGOCIM;CE;Bote;329
"3º ";Agência da Capitania dos Portos em Camocim;AGOCIM;CE;Canoa;2154
"3º ";Agência da Capitania dos Portos em Camocim;AGOCIM;CE;Curral;1
"3º ";Agência da Capitania dos Portos em Camocim;AGOCIM;CE;Dique Flutuante;1
"3º ";Agência da Capitania dos Portos em Camocim;AGOCIM;CE;Escuna;2
"3º ";Agência da Capitania dos Portos em Camocim;AGOCIM;CE;Jangada;54
"3º ";Agência da Capitania dos Portos em Camocim;AGOCIM;CE;Lancha;311
"3º ";Agência da Capitania dos Portos em Camocim;AGOCIM;CE;Moto-Aquática/similar;108
"3º ";Agência da Capitania dos Portos em Camocim;AGOCIM;CE;Multicasco (Catamarã, Trimarã, Tetramarã, etc);4
"3º ";Agência da Capitania dos Portos em Camocim;AGOCIM;CE;Outros;65
"3º ";Agência da Capitania dos Portos em Camocim;AGOCIM;CE;Passageiro;9
"3º ";Agência da Capitania dos Portos em Camocim;AGOCIM;CE;Pesqueiro;747
"3º ";Agência da Capitania dos Portos em Camocim;AGOCIM;CE;Rebocador;2
"3º ";Agência da Capitania dos Portos em Camocim;AGOCIM;CE;Veleiro;4
"3º ";Agência Fluvial de Penedo;AGNEDO;AL;Balsa;27
"3º ";Agência Fluvial de Penedo;AGNEDO;AL;Barcaça;10
"3º ";Agência Fluvial de Penedo;AGNEDO;AL;Batelão;1
"3º ";Agência Fluvial de Penedo;AGNEDO;AL;Bote;249
"3º ";Agência Fluvial de Penedo;AGNEDO;AL;Caiaque;8
"3º ";Agência Fluvial de Penedo;AGNEDO;AL;Caique;2
"3º ";Agência Fluvial de Penedo;AGNEDO;AL;Canoa;1829
"3º ";Agência Fluvial de Penedo;AGNEDO;AL;Chata;1
"3º ";Agência Fluvial de Penedo;AGNEDO;AL;Empurrador;3
"3º ";Agência Fluvial de Penedo;AGNEDO;AL;Escuna;2
"3º ";Agência Fluvial de Penedo;AGNEDO;AL;Flutuante;23
"3º ";Agência Fluvial de Penedo;AGNEDO;AL;Jangada;88
"3º ";Agência Fluvial de Penedo;AGNEDO;AL;Jet Boat;5
"3º ";Agência Fluvial de Penedo;AGNEDO;AL;Lancha;593
"3º ";Agência Fluvial de Penedo;AGNEDO;AL;Laser;1
"3º ";Agência Fluvial de Penedo;AGNEDO;AL;Moto-Aquática/similar;122
"3º ";Agência Fluvial de Penedo;AGNEDO;AL;Multicasco (Catamarã, Trimarã, Tetramarã, etc);45
"3º ";Agência Fluvial de Penedo;AGNEDO;AL;Outros;2338
"3º ";Agência Fluvial de Penedo;AGNEDO;AL;Passageiro / Carga Geral;4
"3º ";Agência Fluvial de Penedo;AGNEDO;AL;Pesqueiro;150
"3º ";Agência Fluvial de Penedo;AGNEDO;AL;Rebocador;3
"3º ";Agência Fluvial de Penedo;AGNEDO;AL;Saveiro;1
"3º ";Agência Fluvial de Penedo;AGNEDO;AL;Veleiro;39
"3º ";Capitania dos Portos da Paraíba;CPSSOA;PB;Balsa;12
"3º ";Capitania dos Portos da Paraíba;CPSSOA;PB;Barcaça;1
"3º ";Capitania dos Portos da Paraíba;CPSSOA;PB;Bote;902
"3º ";Capitania dos Portos da Paraíba;CPSSOA;PB;Cábrea;1
"3º ";Capitania dos Portos da Paraíba;CPSSOA;PB;Caiaque;22
"3º ";Capitania dos Portos da Paraíba;CPSSOA;PB;Caique;17
"3º ";Capitania dos Portos da Paraíba;CPSSOA;PB;Canoa;1557
"3º ";Capitania dos Portos da Paraíba;CPSSOA;PB;Chata;4
"3º ";Capitania dos Portos da Paraíba;CPSSOA;PB;Draga;8
"3º ";Capitania dos Portos da Paraíba;CPSSOA;PB;Empurrador;2
"3º ";Capitania dos Portos da Paraíba;CPSSOA;PB;Flutuante;44
"3º ";Capitania dos Portos da Paraíba;CPSSOA;PB;Hovercraft;1
"3º ";Capitania dos Portos da Paraíba;CPSSOA;PB;Jangada;1646
"3º ";Capitania dos Portos da Paraíba;CPSSOA;PB;Jet Boat;29
"3º ";Capitania dos Portos da Paraíba;CPSSOA;PB;Lançador de Linhas;1
"3º ";Capitania dos Portos da Paraíba;CPSSOA;PB;Lancha;918
"3º ";Capitania dos Portos da Paraíba;CPSSOA;PB;Moto-Aquática/similar;2145
"3º ";Capitania dos Portos da Paraíba;CPSSOA;PB;Multicasco (Catamarã, Trimarã, Tetramarã, etc);104
"3º ";Capitania dos Portos da Paraíba;CPSSOA;PB;Outros;37
"3º ";Capitania dos Portos da Paraíba;CPSSOA;PB;Pesqueiro;43
"3º ";Capitania dos Portos da Paraíba;CPSSOA;PB;Pesquisa;2
"3º ";Capitania dos Portos da Paraíba;CPSSOA;PB;Rebocador;5
"3º ";Capitania dos Portos da Paraíba;CPSSOA;PB;Saveiro;1
"3º ";Capitania dos Portos da Paraíba;CPSSOA;PB;Traineira;1
"3º ";Capitania dos Portos da Paraíba;CPSSOA;PB;Veleiro;178
"3º ";Capitania dos Portos de Alagoas;CPCEIO;AL;Apoio à Manobra;2
"3º ";Capitania dos Portos de Alagoas;CPCEIO;AL;Balsa;32
"3º ";Capitania dos Portos de Alagoas;CPCEIO;AL;Barcaça;2
"3º ";Capitania dos Portos de Alagoas;CPCEIO;AL;Batelão;2
"3º ";Capitania dos Portos de Alagoas;CPCEIO;AL;Bote;1196
"3º ";Capitania dos Portos de Alagoas;CPCEIO;AL;Cábrea;1
"3º ";Capitania dos Portos de Alagoas;CPCEIO;AL;Caiaque;20
"3º ";Capitania dos Portos de Alagoas;CPCEIO;AL;Caique;6
"3º ";Capitania dos Portos de Alagoas;CPCEIO;AL;Canoa;1840
"3º ";Capitania dos Portos de Alagoas;CPCEIO;AL;Chata;9
"3º ";Capitania dos Portos de Alagoas;CPCEIO;AL;Draga;29
"3º ";Capitania dos Portos de Alagoas;CPCEIO;AL;Empurrador;1
"3º ";Capitania dos Portos de Alagoas;CPCEIO;AL;Escuna;17
"3º ";Capitania dos Portos de Alagoas;CPCEIO;AL;Flutuante;13
"3º ";Capitania dos Portos de Alagoas;CPCEIO;AL;Hovercraft;4
"3º ";Capitania dos Portos de Alagoas;CPCEIO;AL;Iate;4
"3º ";Capitania dos Portos de Alagoas;CPCEIO;AL;Jangada;4262
"3º ";Capitania dos Portos de Alagoas;CPCEIO;AL;Jet Boat;22
"3º ";Capitania dos Portos de Alagoas;CPCEIO;AL;Lancha;1885
"3º ";Capitania dos Portos de Alagoas;CPCEIO;AL;Laser;3
"3º ";Capitania dos Portos de Alagoas;CPCEIO;AL;Moto-Aquática/similar;2492
"3º ";Capitania dos Portos de Alagoas;CPCEIO;AL;Multicasco (Catamarã, Trimarã, Tetramarã, etc);223
"3º ";Capitania dos Portos de Alagoas;CPCEIO;AL;Outros;1526
"3º ";Capitania dos Portos de Alagoas;CPCEIO;AL;Passageiro;5
"3º ";Capitania dos Portos de Alagoas;CPCEIO;AL;Pesqueiro;112
"3º ";Capitania dos Portos de Alagoas;CPCEIO;AL;Petroleiro;2
"3º ";Capitania dos Portos de Alagoas;CPCEIO;AL;Petroleiro e Químico;1
"3º ";Capitania dos Portos de Alagoas;CPCEIO;AL;Rebocador;2
"3º ";Capitania dos Portos de Alagoas;CPCEIO;AL;Saveiro;1
"3º ";Capitania dos Portos de Alagoas;CPCEIO;AL;Supridor (Supply);1
"3º ";Capitania dos Portos de Alagoas;CPCEIO;AL;Tanque (transporte de granéis líquidos);2
"3º ";Capitania dos Portos de Alagoas;CPCEIO;AL;Traineira;2
"3º ";Capitania dos Portos de Alagoas;CPCEIO;AL;Veleiro;57
"3º ";Capitania dos Portos de Pernambuco;CPCIFE;PE;Apoio a Mergulho;4
"3º ";Capitania dos Portos de Pernambuco;CPCIFE;PE;Balsa;27
"3º ";Capitania dos Portos de Pernambuco;CPCIFE;PE;Barcaça;107
"3º ";Capitania dos Portos de Pernambuco;CPCIFE;PE;Batelão;1
"3º ";Capitania dos Portos de Pernambuco;CPCIFE;PE;Bote;1589
"3º ";Capitania dos Portos de Pernambuco;CPCIFE;PE;Caiaque;22
"3º ";Capitania dos Portos de Pernambuco;CPCIFE;PE;Caique;1
"3º ";Capitania dos Portos de Pernambuco;CPCIFE;PE;Canoa;128
"3º ";Capitania dos Portos de Pernambuco;CPCIFE;PE;Carga Geral;14
"3º ";Capitania dos Portos de Pernambuco;CPCIFE;PE;Chata;4
"3º ";Capitania dos Portos de Pernambuco;CPCIFE;PE;Dique Flutuante;2
"3º ";Capitania dos Portos de Pernambuco;CPCIFE;PE;Draga;132
"3º ";Capitania dos Portos de Pernambuco;CPCIFE;PE;Empurrador;1
"3º ";Capitania dos Portos de Pernambuco;CPCIFE;PE;Escuna;5
"3º ";Capitania dos Portos de Pernambuco;CPCIFE;PE;Flutuante;49
"3º ";Capitania dos Portos de Pernambuco;CPCIFE;PE;Hovercraft;1
"3º ";Capitania dos Portos de Pernambuco;CPCIFE;PE;Iate;8
"3º ";Capitania dos Portos de Pernambuco;CPCIFE;PE;Jangada;3697
"3º ";Capitania dos Portos de Pernambuco;CPCIFE;PE;Jet Boat;76
"3º ";Capitania dos Portos de Pernambuco;CPCIFE;PE;Lançador de Linhas;3
"3º ";Capitania dos Portos de Pernambuco;CPCIFE;PE;Lancha;3377
"3º ";Capitania dos Portos de Pernambuco;CPCIFE;PE;Laser;1
"3º ";Capitania dos Portos de Pernambuco;CPCIFE;PE;Manuseio de Âncora (AHTS);1
"3º ";Capitania dos Portos de Pernambuco;CPCIFE;PE;Moto-Aquática/similar;3059
"3º ";Capitania dos Portos de Pernambuco;CPCIFE;PE;Multicasco (Catamarã, Trimarã, Tetramarã, etc);131
"3º ";Capitania dos Portos de Pernambuco;CPCIFE;PE;Oceonagráfico;1
"3º ";Capitania dos Portos de Pernambuco;CPCIFE;PE;Outros;918
"3º ";Capitania dos Portos de Pernambuco;CPCIFE;PE;Passageiro;15
"3º ";Capitania dos Portos de Pernambuco;CPCIFE;PE;Pesqueiro;91
"3º ";Capitania dos Portos de Pernambuco;CPCIFE;PE;Pesquisa;2
"3º ";Capitania dos Portos de Pernambuco;CPCIFE;PE;Petroleiro;10
"3º ";Capitania dos Portos de Pernambuco;CPCIFE;PE;Petroleiro e Químico;2
"3º ";Capitania dos Portos de Pernambuco;CPCIFE;PE;Plataforma Auto-Elevável;1
"3º ";Capitania dos Portos de Pernambuco;CPCIFE;PE;Plataforma Fixa;1
"3º ";Capitania dos Portos de Pernambuco;CPCIFE;PE;Porta-Contentor;1
"3º ";Capitania dos Portos de Pernambuco;CPCIFE;PE;Químico;1
"3º ";Capitania dos Portos de Pernambuco;CPCIFE;PE;Rebocador;5
"3º ";Capitania dos Portos de Pernambuco;CPCIFE;PE;Roll-on / Roll-off Passageiro (Ferry Boat);1
"3º ";Capitania dos Portos de Pernambuco;CPCIFE;PE;Saveiro;2
"3º ";Capitania dos Portos de Pernambuco;CPCIFE;PE;Supridor (Supply);2
"3º ";Capitania dos Portos de Pernambuco;CPCIFE;PE;Tanque (transporte de granéis líquidos);6
"3º ";Capitania dos Portos de Pernambuco;CPCIFE;PE;Traineira;4
"3º ";Capitania dos Portos de Pernambuco;CPCIFE;PE;Transporte de Gases Liquefeitos;1
"3º ";Capitania dos Portos de Pernambuco;CPCIFE;PE;Veleiro;242
"3º ";Capitania dos Portos do Ceará;CPFTZA;CE;Alvarenga;1
"3º ";Capitania dos Portos do Ceará;CPFTZA;CE;Balsa;85
"3º ";Capitania dos Portos do Ceará;CPFTZA;CE;Barcaça;8
"3º ";Capitania dos Portos do Ceará;CPFTZA;CE;Batelão;3
"3º ";Capitania dos Portos do Ceará;CPFTZA;CE;Bote;724
"3º ";Capitania dos Portos do Ceará;CPFTZA;CE;Caiaque;11
"3º ";Capitania dos Portos do Ceará;CPFTZA;CE;Canoa;1040
"3º ";Capitania dos Portos do Ceará;CPFTZA;CE;Carga Geral;12
"3º ";Capitania dos Portos do Ceará;CPFTZA;CE;Chata;1
"3º ";Capitania dos Portos do Ceará;CPFTZA;CE;Draga;3
"3º ";Capitania dos Portos do Ceará;CPFTZA;CE;Empurrador;1
"3º ";Capitania dos Portos do Ceará;CPFTZA;CE;Escuna;6
"3º ";Capitania dos Portos do Ceará;CPFTZA;CE;Flutuante;8
"3º ";Capitania dos Portos do Ceará;CPFTZA;CE;Hovercraft;1
"3º ";Capitania dos Portos do Ceará;CPFTZA;CE;Iate;15
"3º ";Capitania dos Portos do Ceará;CPFTZA;CE;Jangada;1734
"3º ";Capitania dos Portos do Ceará;CPFTZA;CE;Jet Boat;9
"3º ";Capitania dos Portos do Ceará;CPFTZA;CE;Lançador de Linhas;2
"3º ";Capitania dos Portos do Ceará;CPFTZA;CE;Lancha;1287
"3º ";Capitania dos Portos do Ceará;CPFTZA;CE;Moto-Aquática/similar;1330
"3º ";Capitania dos Portos do Ceará;CPFTZA;CE;Multicasco (Catamarã, Trimarã, Tetramarã, etc);71
"3º ";Capitania dos Portos do Ceará;CPFTZA;CE;Multipurpose;2
"3º ";Capitania dos Portos do Ceará;CPFTZA;CE;Outros;250
"3º ";Capitania dos Portos do Ceará;CPFTZA;CE;Passageiro;6
"3º ";Capitania dos Portos do Ceará;CPFTZA;CE;Passageiro / Carga Geral;1
"3º ";Capitania dos Portos do Ceará;CPFTZA;CE;Pesqueiro;822
"3º ";Capitania dos Portos do Ceará;CPFTZA;CE;Pesquisa;2
"3º ";Capitania dos Portos do Ceará;CPFTZA;CE;Petroleiro;1
"3º ";Capitania dos Portos do Ceará;CPFTZA;CE;Rebocador;12
"3º ";Capitania dos Portos do Ceará;CPFTZA;CE;Saveiro;3
"3º ";Capitania dos Portos do Ceará;CPFTZA;CE;Supridor (Supply);10
"3º ";Capitania dos Portos do Ceará;CPFTZA;CE;Tanque (transporte de granéis líquidos);2
"3º ";Capitania dos Portos do Ceará;CPFTZA;CE;Transporte de Gases Liquefeitos;2
"3º ";Capitania dos Portos do Ceará;CPFTZA;CE;Veleiro;54
"3º ";Capitania dos Portos do Rio Grande do Norte;CPNATL;RN;Balsa;118
"3º ";Capitania dos Portos do Rio Grande do Norte;CPNATL;RN;Batelão;1
"3º ";Capitania dos Portos do Rio Grande do Norte;CPNATL;RN;Bote;910
"3º ";Capitania dos Portos do Rio Grande do Norte;CPNATL;RN;Caiaque;13
"3º ";Capitania dos Portos do Rio Grande do Norte;CPNATL;RN;Caique;2
"3º ";Capitania dos Portos do Rio Grande do Norte;CPNATL;RN;Canoa;549
"3º ";Capitania dos Portos do Rio Grande do Norte;CPNATL;RN;Carga Geral;18
"3º ";Capitania dos Portos do Rio Grande do Norte;CPNATL;RN;Chata;5
"3º ";Capitania dos Portos do Rio Grande do Norte;CPNATL;RN;Dique Flutuante;1
"3º ";Capitania dos Portos do Rio Grande do Norte;CPNATL;RN;Draga;6
"3º ";Capitania dos Portos do Rio Grande do Norte;CPNATL;RN;Escuna;6
"3º ";Capitania dos Portos do Rio Grande do Norte;CPNATL;RN;Flutuante;13
"3º ";Capitania dos Portos do Rio Grande do Norte;CPNATL;RN;Hovercraft;1
"3º ";Capitania dos Portos do Rio Grande do Norte;CPNATL;RN;Iate;5
"3º ";Capitania dos Portos do Rio Grande do Norte;CPNATL;RN;Jangada;1320
"3º ";Capitania dos Portos do Rio Grande do Norte;CPNATL;RN;Jet Boat;13
"3º ";Capitania dos Portos do Rio Grande do Norte;CPNATL;RN;Lancha;1033
"3º ";Capitania dos Portos do Rio Grande do Norte;CPNATL;RN;Manuseio de Âncora (AHTS);3
"3º ";Capitania dos Portos do Rio Grande do Norte;CPNATL;RN;Moto-Aquática/similar;1071
"3º ";Capitania dos Portos do Rio Grande do Norte;CPNATL;RN;Multicasco (Catamarã, Trimarã, Tetramarã, etc);110
"3º ";Capitania dos Portos do Rio Grande do Norte;CPNATL;RN;Multipurpose;1
"3º ";Capitania dos Portos do Rio Grande do Norte;CPNATL;RN;Outros;702
"3º ";Capitania dos Portos do Rio Grande do Norte;CPNATL;RN;Passageiro;46
"3º ";Capitania dos Portos do Rio Grande do Norte;CPNATL;RN;Passageiro / Carga Geral;1
"3º ";Capitania dos Portos do Rio Grande do Norte;CPNATL;RN;Pesqueiro;533
"3º ";Capitania dos Portos do Rio Grande do Norte;CPNATL;RN;Pesquisa;1
"3º ";Capitania dos Portos do Rio Grande do Norte;CPNATL;RN;Rebocador;7
"3º ";Capitania dos Portos do Rio Grande do Norte;CPNATL;RN;Saveiro;3
"3º ";Capitania dos Portos do Rio Grande do Norte;CPNATL;RN;Supridor (Supply);1
"3º ";Capitania dos Portos do Rio Grande do Norte;CPNATL;RN;Traineira;1
"3º ";Capitania dos Portos do Rio Grande do Norte;CPNATL;RN;Veleiro;70
"4º ";Agencia da Capitania dos Portos no Oiapoque;AGOQUE;AP;Canoa;387
"4º ";Agencia da Capitania dos Portos no Oiapoque;AGOQUE;AP;Carga Geral;12
"4º ";Agencia da Capitania dos Portos no Oiapoque;AGOQUE;AP;Flutuante;1
"4º ";Agencia da Capitania dos Portos no Oiapoque;AGOQUE;AP;Lancha;119
"4º ";Agencia da Capitania dos Portos no Oiapoque;AGOQUE;AP;Passageiro;7
"4º ";Agencia da Capitania dos Portos no Oiapoque;AGOQUE;AP;Passageiro / Carga Geral;4
"4º ";Agencia da Capitania dos Portos no Oiapoque;AGOQUE;AP;Pesqueiro;258
"4º ";Agencia da Capitania dos Portos no Oiapoque;AGOQUE;AP;Roll-on / Roll-off Passageiro (Ferry Boat);2
"4º ";Agência Fluvial de Imperatriz;AGIMPE;MA;Balsa;67
"4º ";Agência Fluvial de Imperatriz;AGIMPE;MA;Barcaça;558
"4º ";Agência Fluvial de Imperatriz;AGIMPE;MA;Bote;363
"4º ";Agência Fluvial de Imperatriz;AGIMPE;MA;Caiaque;15
"4º ";Agência Fluvial de Imperatriz;AGIMPE;MA;Caique;2
"4º ";Agência Fluvial de Imperatriz;AGIMPE;MA;Canoa;2639
"4º ";Agência Fluvial de Imperatriz;AGIMPE;MA;Carga Geral;3
"4º ";Agência Fluvial de Imperatriz;AGIMPE;MA;Chata;490
"4º ";Agência Fluvial de Imperatriz;AGIMPE;MA;Draga;107
"4º ";Agência Fluvial de Imperatriz;AGIMPE;MA;Empurrador;13
"4º ";Agência Fluvial de Imperatriz;AGIMPE;MA;Flutuante;24
"4º ";Agência Fluvial de Imperatriz;AGIMPE;MA;Iate;3
"4º ";Agência Fluvial de Imperatriz;AGIMPE;MA;Jangada;1
"4º ";Agência Fluvial de Imperatriz;AGIMPE;MA;Jet Boat;50
"4º ";Agência Fluvial de Imperatriz;AGIMPE;MA;Lançador de Linhas;1
"4º ";Agência Fluvial de Imperatriz;AGIMPE;MA;Lancha;2148
"4º ";Agência Fluvial de Imperatriz;AGIMPE;MA;Moto-Aquática/similar;876
"4º ";Agência Fluvial de Imperatriz;AGIMPE;MA;Multicasco (Catamarã, Trimarã, Tetramarã, etc);15
"4º ";Agência Fluvial de Imperatriz;AGIMPE;MA;Outros;27
"4º ";Agência Fluvial de Imperatriz;AGIMPE;MA;Passageiro;252
"4º ";Agência Fluvial de Imperatriz;AGIMPE;MA;Passageiro / Carga Geral;235
"4º ";Agência Fluvial de Imperatriz;AGIMPE;MA;Pesqueiro;4
"4º ";Agência Fluvial de Imperatriz;AGIMPE;MA;Pesquisa;1
"4º ";Agência Fluvial de Imperatriz;AGIMPE;MA;Rebocador;68
"4º ";Agência Fluvial de Imperatriz;AGIMPE;MA;Veleiro;1
"4º ";Capitania dos Portos da Amazônia Oriental;CPBLEM;PA;Alvarenga;3
"4º ";Capitania dos Portos da Amazônia Oriental;CPBLEM;PA;Apoio à Manobra;12
"4º ";Capitania dos Portos da Amazônia Oriental;CPBLEM;PA;Apoio a Mergulho;2
"4º ";Capitania dos Portos da Amazônia Oriental;CPBLEM;PA;Balsa;746
"4º ";Capitania dos Portos da Amazônia Oriental;CPBLEM;PA;Barcaça;440
"4º ";Capitania dos Portos da Amazônia Oriental;CPBLEM;PA;Bote;33
"4º ";Capitania dos Portos da Amazônia Oriental;CPBLEM;PA;Cábrea;5
"4º ";Capitania dos Portos da Amazônia Oriental;CPBLEM;PA;Caique;1
"4º ";Capitania dos Portos da Amazônia Oriental;CPBLEM;PA;Canoa;68
"4º ";Capitania dos Portos da Amazônia Oriental;CPBLEM;PA;Carga Geral;2568
"4º ";Capitania dos Portos da Amazônia Oriental;CPBLEM;PA;Chata;46
"4º ";Capitania dos Portos da Amazônia Oriental;CPBLEM;PA;Curral;1
"4º ";Capitania dos Portos da Amazônia Oriental;CPBLEM;PA;Draga;48
"4º ";Capitania dos Portos da Amazônia Oriental;CPBLEM;PA;Empurrador;325
"4º ";Capitania dos Portos da Amazônia Oriental;CPBLEM;PA;Escuna;7
"4º ";Capitania dos Portos da Amazônia Oriental;CPBLEM;PA;Flutuante;118
"4º ";Capitania dos Portos da Amazônia Oriental;CPBLEM;PA;Graneleiro;24
"4º ";Capitania dos Portos da Amazônia Oriental;CPBLEM;PA;Hidroavião;1
"4º ";Capitania dos Portos da Amazônia Oriental;CPBLEM;PA;Hovercraft;2
"4º ";Capitania dos Portos da Amazônia Oriental;CPBLEM;PA;Iate;19
"4º ";Capitania dos Portos da Amazônia Oriental;CPBLEM;PA;Jangada;1
"4º ";Capitania dos Portos da Amazônia Oriental;CPBLEM;PA;Jet Boat;29
"4º ";Capitania dos Portos da Amazônia Oriental;CPBLEM;PA;Lancha;4264
"4º ";Capitania dos Portos da Amazônia Oriental;CPBLEM;PA;Manuseio de Linhas;2
"4º ";Capitania dos Portos da Amazônia Oriental;CPBLEM;PA;Moto-Aquática/similar;2256
"4º ";Capitania dos Portos da Amazônia Oriental;CPBLEM;PA;Multicasco (Catamarã, Trimarã, Tetramarã, etc);19
"4º ";Capitania dos Portos da Amazônia Oriental;CPBLEM;PA;Outros;248
"4º ";Capitania dos Portos da Amazônia Oriental;CPBLEM;PA;Passageiro;1510
"4º ";Capitania dos Portos da Amazônia Oriental;CPBLEM;PA;Passageiro / Carga Geral;4274
"4º ";Capitania dos Portos da Amazônia Oriental;CPBLEM;PA;Pesqueiro;7076
"4º ";Capitania dos Portos da Amazônia Oriental;CPBLEM;PA;Pesquisa;3
"4º ";Capitania dos Portos da Amazônia Oriental;CPBLEM;PA;Petroleiro;8
"4º ";Capitania dos Portos da Amazônia Oriental;CPBLEM;PA;Porta-Contentor;3
"4º ";Capitania dos Portos da Amazônia Oriental;CPBLEM;PA;Rebocador;477
"4º ";Capitania dos Portos da Amazônia Oriental;CPBLEM;PA;"Roll-on / Roll-off Carga ";4
"4º ";Capitania dos Portos da Amazônia Oriental;CPBLEM;PA;Roll-on / Roll-off Passageiro (Ferry Boat);53
"4º ";Capitania dos Portos da Amazônia Oriental;CPBLEM;PA;Saveiro;4
"4º ";Capitania dos Portos da Amazônia Oriental;CPBLEM;PA;Supridor (Supply);1
"4º ";Capitania dos Portos da Amazônia Oriental;CPBLEM;PA;Tanque (transporte de granéis líquidos);4
"4º ";Capitania dos Portos da Amazônia Oriental;CPBLEM;PA;Transporte de Gases Liquefeitos;8
"4º ";Capitania dos Portos da Amazônia Oriental;CPBLEM;PA;Transporte Escolar;7
"4º ";Capitania dos Portos da Amazônia Oriental;CPBLEM;PA;Veleiro;61
"4º ";Capitania dos Portos do Amapá;CPSTNA;AP;Alvarenga;1
"4º ";Capitania dos Portos do Amapá;CPSTNA;AP;Apoio à Manobra;4
"4º ";Capitania dos Portos do Amapá;CPSTNA;AP;Balsa;153
"4º ";Capitania dos Portos do Amapá;CPSTNA;AP;Barcaça;1115
"4º ";Capitania dos Portos do Amapá;CPSTNA;AP;Batelão;1
"4º ";Capitania dos Portos do Amapá;CPSTNA;AP;Bote;12
"4º ";Capitania dos Portos do Amapá;CPSTNA;AP;Cábrea;1
"4º ";Capitania dos Portos do Amapá;CPSTNA;AP;Caique;1
"4º ";Capitania dos Portos do Amapá;CPSTNA;AP;Canoa;1045
"4º ";Capitania dos Portos do Amapá;CPSTNA;AP;Carga Geral;4395
"4º ";Capitania dos Portos do Amapá;CPSTNA;AP;Chata;1
"4º ";Capitania dos Portos do Amapá;CPSTNA;AP;Curral;4
"4º ";Capitania dos Portos do Amapá;CPSTNA;AP;Draga;7
"4º ";Capitania dos Portos do Amapá;CPSTNA;AP;Empurrador;49
"4º ";Capitania dos Portos do Amapá;CPSTNA;AP;Flutuante;62
"4º ";Capitania dos Portos do Amapá;CPSTNA;AP;Graneleiro;1
"4º ";Capitania dos Portos do Amapá;CPSTNA;AP;Iate;32
"4º ";Capitania dos Portos do Amapá;CPSTNA;AP;Jangada;2
"4º ";Capitania dos Portos do Amapá;CPSTNA;AP;Jet Boat;5
"4º ";Capitania dos Portos do Amapá;CPSTNA;AP;Lancha;3490
"4º ";Capitania dos Portos do Amapá;CPSTNA;AP;Moto-Aquática/similar;598
"4º ";Capitania dos Portos do Amapá;CPSTNA;AP;Multicasco (Catamarã, Trimarã, Tetramarã, etc);5
"4º ";Capitania dos Portos do Amapá;CPSTNA;AP;Outros;45
"4º ";Capitania dos Portos do Amapá;CPSTNA;AP;Passageiro;811
"4º ";Capitania dos Portos do Amapá;CPSTNA;AP;Passageiro / Carga Geral;2644
"4º ";Capitania dos Portos do Amapá;CPSTNA;AP;Passageiro de Alta Velocidade (HSC Passageiro);3
"4º ";Capitania dos Portos do Amapá;CPSTNA;AP;Pesqueiro;1399
"4º ";Capitania dos Portos do Amapá;CPSTNA;AP;Petroleiro;8
"4º ";Capitania dos Portos do Amapá;CPSTNA;AP;Rebocador;31
"4º ";Capitania dos Portos do Amapá;CPSTNA;AP;"Roll-on / Roll-off Carga ";1
"4º ";Capitania dos Portos do Amapá;CPSTNA;AP;Roll-on / Roll-off Passageiro (Ferry Boat);28
"4º ";Capitania dos Portos do Amapá;CPSTNA;AP;Tanque (transporte de granéis líquidos);4
"4º ";Capitania dos Portos do Amapá;CPSTNA;AP;Transporte Escolar;2
"4º ";Capitania dos Portos do Amapá;CPSTNA;AP;Veleiro;4
"4º ";Capitania dos Portos do Maranhão;CPLUIZ;MA;Alvarenga;1
"4º ";Capitania dos Portos do Maranhão;CPLUIZ;MA;Apoio à Manobra;1
"4º ";Capitania dos Portos do Maranhão;CPLUIZ;MA;Apoio a Mergulho;2
"4º ";Capitania dos Portos do Maranhão;CPLUIZ;MA;Balsa;64
"4º ";Capitania dos Portos do Maranhão;CPLUIZ;MA;Barcaça;193
"4º ";Capitania dos Portos do Maranhão;CPLUIZ;MA;Batelão;2
"4º ";Capitania dos Portos do Maranhão;CPLUIZ;MA;Bote;357
"4º ";Capitania dos Portos do Maranhão;CPLUIZ;MA;Cábrea;1
"4º ";Capitania dos Portos do Maranhão;CPLUIZ;MA;Caiaque;1
"4º ";Capitania dos Portos do Maranhão;CPLUIZ;MA;Canoa;105
"4º ";Capitania dos Portos do Maranhão;CPLUIZ;MA;Carga Geral;117
"4º ";Capitania dos Portos do Maranhão;CPLUIZ;MA;Chata;26
"4º ";Capitania dos Portos do Maranhão;CPLUIZ;MA;Draga;15
"4º ";Capitania dos Portos do Maranhão;CPLUIZ;MA;Empurrador;15
"4º ";Capitania dos Portos do Maranhão;CPLUIZ;MA;Escuna;3
"4º ";Capitania dos Portos do Maranhão;CPLUIZ;MA;Flutuante;44
"4º ";Capitania dos Portos do Maranhão;CPLUIZ;MA;Graneleiro;15
"4º ";Capitania dos Portos do Maranhão;CPLUIZ;MA;Hovercraft;3
"4º ";Capitania dos Portos do Maranhão;CPLUIZ;MA;Iate;7
"4º ";Capitania dos Portos do Maranhão;CPLUIZ;MA;Jangada;5
"4º ";Capitania dos Portos do Maranhão;CPLUIZ;MA;Jet Boat;25
"4º ";Capitania dos Portos do Maranhão;CPLUIZ;MA;Lancha;2102
"4º ";Capitania dos Portos do Maranhão;CPLUIZ;MA;Moto-Aquática/similar;1576
"4º ";Capitania dos Portos do Maranhão;CPLUIZ;MA;Multicasco (Catamarã, Trimarã, Tetramarã, etc);124
"4º ";Capitania dos Portos do Maranhão;CPLUIZ;MA;Multipurpose;2
"4º ";Capitania dos Portos do Maranhão;CPLUIZ;MA;Outros;522
"4º ";Capitania dos Portos do Maranhão;CPLUIZ;MA;Passageiro;284
"4º ";Capitania dos Portos do Maranhão;CPLUIZ;MA;Passageiro / Carga Geral;87
"4º ";Capitania dos Portos do Maranhão;CPLUIZ;MA;Pesqueiro;2838
"4º ";Capitania dos Portos do Maranhão;CPLUIZ;MA;Pesquisa;6
"4º ";Capitania dos Portos do Maranhão;CPLUIZ;MA;Petroleiro;32
"4º ";Capitania dos Portos do Maranhão;CPLUIZ;MA;Petroleiro e Químico;7
"4º ";Capitania dos Portos do Maranhão;CPLUIZ;MA;Plataforma Auto-Elevável;2
"4º ";Capitania dos Portos do Maranhão;CPLUIZ;MA;Plataforma Fixa;1
"4º ";Capitania dos Portos do Maranhão;CPLUIZ;MA;Químico;2
"4º ";Capitania dos Portos do Maranhão;CPLUIZ;MA;Rebocador;28
"4º ";Capitania dos Portos do Maranhão;CPLUIZ;MA;Roll-on / Roll-off Passageiro (Ferry Boat);13
"4º ";Capitania dos Portos do Maranhão;CPLUIZ;MA;Saveiro;1
"4º ";Capitania dos Portos do Maranhão;CPLUIZ;MA;Sonda;1
"4º ";Capitania dos Portos do Maranhão;CPLUIZ;MA;Supridor (Supply);3
"4º ";Capitania dos Portos do Maranhão;CPLUIZ;MA;Tanque (transporte de granéis líquidos);7
"4º ";Capitania dos Portos do Maranhão;CPLUIZ;MA;Veleiro;74
"4º ";Capitania dos Portos do Piauí;CPPARN;PI;Balsa;54
"4º ";Capitania dos Portos do Piauí;CPPARN;PI;Barcaça;4
"4º ";Capitania dos Portos do Piauí;CPPARN;PI;Bote;157
"4º ";Capitania dos Portos do Piauí;CPPARN;PI;Caiaque;3
"4º ";Capitania dos Portos do Piauí;CPPARN;PI;Canoa;351
"4º ";Capitania dos Portos do Piauí;CPPARN;PI;Carga Geral;11
"4º ";Capitania dos Portos do Piauí;CPPARN;PI;Chata;16
"4º ";Capitania dos Portos do Piauí;CPPARN;PI;Draga;28
"4º ";Capitania dos Portos do Piauí;CPPARN;PI;Empurrador;6
"4º ";Capitania dos Portos do Piauí;CPPARN;PI;Flutuante;18
"4º ";Capitania dos Portos do Piauí;CPPARN;PI;Iate;2
"4º ";Capitania dos Portos do Piauí;CPPARN;PI;Jangada;34
"4º ";Capitania dos Portos do Piauí;CPPARN;PI;Jet Boat;42
"4º ";Capitania dos Portos do Piauí;CPPARN;PI;Lancha;1024
"4º ";Capitania dos Portos do Piauí;CPPARN;PI;Moto-Aquática/similar;1108
"4º ";Capitania dos Portos do Piauí;CPPARN;PI;Multicasco (Catamarã, Trimarã, Tetramarã, etc);24
"4º ";Capitania dos Portos do Piauí;CPPARN;PI;Outros;1081
"4º ";Capitania dos Portos do Piauí;CPPARN;PI;Passageiro;4
"4º ";Capitania dos Portos do Piauí;CPPARN;PI;Passageiro / Carga Geral;12
"4º ";Capitania dos Portos do Piauí;CPPARN;PI;Pesqueiro;369
"4º ";Capitania dos Portos do Piauí;CPPARN;PI;Rebocador;7
"4º ";Capitania dos Portos do Piauí;CPPARN;PI;Veleiro;3
"4º ";Capitania Fluvial de Santarém;CFAREM;PA;Alvarenga;1
"4º ";Capitania Fluvial de Santarém;CFAREM;PA;Apoio a Mergulho;4
"4º ";Capitania Fluvial de Santarém;CFAREM;PA;Apoio a ROV;1
"4º ";Capitania Fluvial de Santarém;CFAREM;PA;Balsa;693
"4º ";Capitania Fluvial de Santarém;CFAREM;PA;Barcaça;119
"4º ";Capitania Fluvial de Santarém;CFAREM;PA;Batelão;7
"4º ";Capitania Fluvial de Santarém;CFAREM;PA;Bote;91
"4º ";Capitania Fluvial de Santarém;CFAREM;PA;Cábrea;2
"4º ";Capitania Fluvial de Santarém;CFAREM;PA;Caiaque;1
"4º ";Capitania Fluvial de Santarém;CFAREM;PA;Canoa;161
"4º ";Capitania Fluvial de Santarém;CFAREM;PA;Carga Geral;772
"4º ";Capitania Fluvial de Santarém;CFAREM;PA;Chata;1
"4º ";Capitania Fluvial de Santarém;CFAREM;PA;Curral;3
"4º ";Capitania Fluvial de Santarém;CFAREM;PA;Dique Flutuante;4
"4º ";Capitania Fluvial de Santarém;CFAREM;PA;Draga;138
"4º ";Capitania Fluvial de Santarém;CFAREM;PA;Empurrador;202
"4º ";Capitania Fluvial de Santarém;CFAREM;PA;Escuna;1
"4º ";Capitania Fluvial de Santarém;CFAREM;PA;Flutuante;155
"4º ";Capitania Fluvial de Santarém;CFAREM;PA;Graneleiro;3
"4º ";Capitania Fluvial de Santarém;CFAREM;PA;Hovercraft;1
"4º ";Capitania Fluvial de Santarém;CFAREM;PA;Iate;81
"4º ";Capitania Fluvial de Santarém;CFAREM;PA;Jet Boat;7
"4º ";Capitania Fluvial de Santarém;CFAREM;PA;Lançador de Linhas;1
"4º ";Capitania Fluvial de Santarém;CFAREM;PA;Lancha;3183
"4º ";Capitania Fluvial de Santarém;CFAREM;PA;Laser;1
"4º ";Capitania Fluvial de Santarém;CFAREM;PA;Moto-Aquática/similar;638
"4º ";Capitania Fluvial de Santarém;CFAREM;PA;Multicasco (Catamarã, Trimarã, Tetramarã, etc);34
"4º ";Capitania Fluvial de Santarém;CFAREM;PA;Multipurpose;2
"4º ";Capitania Fluvial de Santarém;CFAREM;PA;Outros;104
"4º ";Capitania Fluvial de Santarém;CFAREM;PA;Passageiro;1804
"4º ";Capitania Fluvial de Santarém;CFAREM;PA;Passageiro / Carga Geral;2236
"4º ";Capitania Fluvial de Santarém;CFAREM;PA;Passageiro de Alta Velocidade (HSC Passageiro);5
"4º ";Capitania Fluvial de Santarém;CFAREM;PA;Pesqueiro;3216
"4º ";Capitania Fluvial de Santarém;CFAREM;PA;Petroleiro;31
"4º ";Capitania Fluvial de Santarém;CFAREM;PA;Rebocador;66
"4º ";Capitania Fluvial de Santarém;CFAREM;PA;"Roll-on / Roll-off Carga ";3
"4º ";Capitania Fluvial de Santarém;CFAREM;PA;Roll-on / Roll-off Passageiro (Ferry Boat);29
"4º ";Capitania Fluvial de Santarém;CFAREM;PA;Tanque (transporte de granéis líquidos);38
"4º ";Capitania Fluvial de Santarém;CFAREM;PA;Transporte de Gases Liquefeitos;1
"4º ";Capitania Fluvial de Santarém;CFAREM;PA;Veleiro;5
"5º ";Agência da Capitania dos Portos em Tramandaí;AGNDAI;RS;Anfíbia;2
"5º ";Agência da Capitania dos Portos em Tramandaí;AGNDAI;RS;Balsa;4
"5º ";Agência da Capitania dos Portos em Tramandaí;AGNDAI;RS;Barcaça;1
"5º ";Agência da Capitania dos Portos em Tramandaí;AGNDAI;RS;Bote;2324
"5º ";Agência da Capitania dos Portos em Tramandaí;AGNDAI;RS;Caiaque;20
"5º ";Agência da Capitania dos Portos em Tramandaí;AGNDAI;RS;Caique;6
"5º ";Agência da Capitania dos Portos em Tramandaí;AGNDAI;RS;Canoa;164
"5º ";Agência da Capitania dos Portos em Tramandaí;AGNDAI;RS;Chata;5
"5º ";Agência da Capitania dos Portos em Tramandaí;AGNDAI;RS;Draga;42
"5º ";Agência da Capitania dos Portos em Tramandaí;AGNDAI;RS;Empurrador;1
"5º ";Agência da Capitania dos Portos em Tramandaí;AGNDAI;RS;Flutuante;1
"5º ";Agência da Capitania dos Portos em Tramandaí;AGNDAI;RS;Hovercraft;1
"5º ";Agência da Capitania dos Portos em Tramandaí;AGNDAI;RS;Jangada;4
"5º ";Agência da Capitania dos Portos em Tramandaí;AGNDAI;RS;Jet Boat;6
"5º ";Agência da Capitania dos Portos em Tramandaí;AGNDAI;RS;Lancha;1059
"5º ";Agência da Capitania dos Portos em Tramandaí;AGNDAI;RS;Moto-Aquática/similar;1144
"5º ";Agência da Capitania dos Portos em Tramandaí;AGNDAI;RS;Multicasco (Catamarã, Trimarã, Tetramarã, etc);4
"5º ";Agência da Capitania dos Portos em Tramandaí;AGNDAI;RS;Outros;437
"5º ";Agência da Capitania dos Portos em Tramandaí;AGNDAI;RS;Passageiro;3
"5º ";Agência da Capitania dos Portos em Tramandaí;AGNDAI;RS;Passageiro / Carga Geral;1
"5º ";Agência da Capitania dos Portos em Tramandaí;AGNDAI;RS;Pesqueiro;50
"5º ";Agência da Capitania dos Portos em Tramandaí;AGNDAI;RS;Traineira;3
"5º ";Agência da Capitania dos Portos em Tramandaí;AGNDAI;RS;Veleiro;22
"5º ";Capitania dos Portos de Santa Catarina;CPFPOL;SC;Alvarenga;2
"5º ";Capitania dos Portos de Santa Catarina;CPFPOL;SC;Anfíbia;1
"5º ";Capitania dos Portos de Santa Catarina;CPFPOL;SC;Balsa;227
"5º ";Capitania dos Portos de Santa Catarina;CPFPOL;SC;Barcaça;12
"5º ";Capitania dos Portos de Santa Catarina;CPFPOL;SC;Batelão;6
"5º ";Capitania dos Portos de Santa Catarina;CPFPOL;SC;Bote;8520
"5º ";Capitania dos Portos de Santa Catarina;CPFPOL;SC;Caiaque;120
"5º ";Capitania dos Portos de Santa Catarina;CPFPOL;SC;Caique;6
"5º ";Capitania dos Portos de Santa Catarina;CPFPOL;SC;Canoa;724
"5º ";Capitania dos Portos de Santa Catarina;CPFPOL;SC;Chata;48
"5º ";Capitania dos Portos de Santa Catarina;CPFPOL;SC;Cisterna (FSU);1
"5º ";Capitania dos Portos de Santa Catarina;CPFPOL;SC;Draga;31
"5º ";Capitania dos Portos de Santa Catarina;CPFPOL;SC;Embarcação Autônoma;1
"5º ";Capitania dos Portos de Santa Catarina;CPFPOL;SC;Empurrador;1
"5º ";Capitania dos Portos de Santa Catarina;CPFPOL;SC;Escuna;50
"5º ";Capitania dos Portos de Santa Catarina;CPFPOL;SC;Flutuante;75
"5º ";Capitania dos Portos de Santa Catarina;CPFPOL;SC;Hovercraft;3
"5º ";Capitania dos Portos de Santa Catarina;CPFPOL;SC;Iate;15
"5º ";Capitania dos Portos de Santa Catarina;CPFPOL;SC;Jangada;1
"5º ";Capitania dos Portos de Santa Catarina;CPFPOL;SC;Jet Boat;41
"5º ";Capitania dos Portos de Santa Catarina;CPFPOL;SC;Lançador de Linhas;6
"5º ";Capitania dos Portos de Santa Catarina;CPFPOL;SC;Lancha;7542
"5º ";Capitania dos Portos de Santa Catarina;CPFPOL;SC;Laser;1
"5º ";Capitania dos Portos de Santa Catarina;CPFPOL;SC;Manuseio de Âncora (AHTS);3
"5º ";Capitania dos Portos de Santa Catarina;CPFPOL;SC;Moto-Aquática/similar;5505
"5º ";Capitania dos Portos de Santa Catarina;CPFPOL;SC;Multicasco (Catamarã, Trimarã, Tetramarã, etc);48
"5º ";Capitania dos Portos de Santa Catarina;CPFPOL;SC;Oceonagráfico;2
"5º ";Capitania dos Portos de Santa Catarina;CPFPOL;SC;Outros;2073
"5º ";Capitania dos Portos de Santa Catarina;CPFPOL;SC;Passageiro;20
"5º ";Capitania dos Portos de Santa Catarina;CPFPOL;SC;Passageiro / Carga Geral;1
"5º ";Capitania dos Portos de Santa Catarina;CPFPOL;SC;Pesqueiro;1746
"5º ";Capitania dos Portos de Santa Catarina;CPFPOL;SC;Pesquisa;2
"5º ";Capitania dos Portos de Santa Catarina;CPFPOL;SC;Rebocador;21
"5º ";Capitania dos Portos de Santa Catarina;CPFPOL;SC;Saveiro;2
"5º ";Capitania dos Portos de Santa Catarina;CPFPOL;SC;Tanque (transporte de granéis líquidos);1
"5º ";Capitania dos Portos de Santa Catarina;CPFPOL;SC;Traineira;13
"5º ";Capitania dos Portos de Santa Catarina;CPFPOL;SC;Veleiro;597
"5º ";Capitania dos Portos do Rio Grande do Sul;CPGRAN;RS;Apoio a Mergulho;3
"5º ";Capitania dos Portos do Rio Grande do Sul;CPGRAN;RS;Balsa;30
"5º ";Capitania dos Portos do Rio Grande do Sul;CPGRAN;RS;Barcaça;10
"5º ";Capitania dos Portos do Rio Grande do Sul;CPGRAN;RS;Batelão;2
"5º ";Capitania dos Portos do Rio Grande do Sul;CPGRAN;RS;Bote;7376
"5º ";Capitania dos Portos do Rio Grande do Sul;CPGRAN;RS;Cábrea;2
"5º ";Capitania dos Portos do Rio Grande do Sul;CPGRAN;RS;Caiaque;12
"5º ";Capitania dos Portos do Rio Grande do Sul;CPGRAN;RS;Caique;282
"5º ";Capitania dos Portos do Rio Grande do Sul;CPGRAN;RS;Canoa;322
"5º ";Capitania dos Portos do Rio Grande do Sul;CPGRAN;RS;Carga Geral;5
"5º ";Capitania dos Portos do Rio Grande do Sul;CPGRAN;RS;Chata;5
"5º ";Capitania dos Portos do Rio Grande do Sul;CPGRAN;RS;Draga;86
"5º ";Capitania dos Portos do Rio Grande do Sul;CPGRAN;RS;Empurrador;8
"5º ";Capitania dos Portos do Rio Grande do Sul;CPGRAN;RS;Escuna;12
"5º ";Capitania dos Portos do Rio Grande do Sul;CPGRAN;RS;Floating, Production, Storage and Off-Loading Unit (FPSO);2
"5º ";Capitania dos Portos do Rio Grande do Sul;CPGRAN;RS;Flutuante;7
"5º ";Capitania dos Portos do Rio Grande do Sul;CPGRAN;RS;Hovercraft;1
"5º ";Capitania dos Portos do Rio Grande do Sul;CPGRAN;RS;Iate;6
"5º ";Capitania dos Portos do Rio Grande do Sul;CPGRAN;RS;Jet Boat;4
"5º ";Capitania dos Portos do Rio Grande do Sul;CPGRAN;RS;Lancha;1200
"5º ";Capitania dos Portos do Rio Grande do Sul;CPGRAN;RS;Laser;2
"5º ";Capitania dos Portos do Rio Grande do Sul;CPGRAN;RS;Moto-Aquática/similar;770
"5º ";Capitania dos Portos do Rio Grande do Sul;CPGRAN;RS;Multicasco (Catamarã, Trimarã, Tetramarã, etc);6
"5º ";Capitania dos Portos do Rio Grande do Sul;CPGRAN;RS;Multipurpose;1
"5º ";Capitania dos Portos do Rio Grande do Sul;CPGRAN;RS;Outros;2998
"5º ";Capitania dos Portos do Rio Grande do Sul;CPGRAN;RS;Passageiro;4
"5º ";Capitania dos Portos do Rio Grande do Sul;CPGRAN;RS;Passageiro / Carga Geral;1
"5º ";Capitania dos Portos do Rio Grande do Sul;CPGRAN;RS;Pesqueiro;493
"5º ";Capitania dos Portos do Rio Grande do Sul;CPGRAN;RS;Pesquisa;2
"5º ";Capitania dos Portos do Rio Grande do Sul;CPGRAN;RS;Petroleiro;5
"5º ";Capitania dos Portos do Rio Grande do Sul;CPGRAN;RS;Petroleiro e Químico;1
"5º ";Capitania dos Portos do Rio Grande do Sul;CPGRAN;RS;Plataforma Semi-Submersível;2
"5º ";Capitania dos Portos do Rio Grande do Sul;CPGRAN;RS;Químico e Gaseiro;1
"5º ";Capitania dos Portos do Rio Grande do Sul;CPGRAN;RS;Rebocador;21
"5º ";Capitania dos Portos do Rio Grande do Sul;CPGRAN;RS;Roll-on / Roll-off Passageiro (Ferry Boat);4
"5º ";Capitania dos Portos do Rio Grande do Sul;CPGRAN;RS;Saveiro;1
"5º ";Capitania dos Portos do Rio Grande do Sul;CPGRAN;RS;Tanque (transporte de granéis líquidos);3
"5º ";Capitania dos Portos do Rio Grande do Sul;CPGRAN;RS;Traineira;3
"5º ";Capitania dos Portos do Rio Grande do Sul;CPGRAN;RS;Veleiro;446
"5º ";Capitania Fluvial de Porto Alegre;CFALEG;RS;Anfíbia;1
"5º ";Capitania Fluvial de Porto Alegre;CFALEG;RS;Apoio a ROV;1
"5º ";Capitania Fluvial de Porto Alegre;CFALEG;RS;Balsa;130
"5º ";Capitania Fluvial de Porto Alegre;CFALEG;RS;Barcaça;69
"5º ";Capitania Fluvial de Porto Alegre;CFALEG;RS;Batelão;9
"5º ";Capitania Fluvial de Porto Alegre;CFALEG;RS;Bote;13965
"5º ";Capitania Fluvial de Porto Alegre;CFALEG;RS;Cábrea;3
"5º ";Capitania Fluvial de Porto Alegre;CFALEG;RS;Caiaque;96
"5º ";Capitania Fluvial de Porto Alegre;CFALEG;RS;Caique;31
"5º ";Capitania Fluvial de Porto Alegre;CFALEG;RS;Canoa;186
"5º ";Capitania Fluvial de Porto Alegre;CFALEG;RS;Carga Geral;10
"5º ";Capitania Fluvial de Porto Alegre;CFALEG;RS;Chata;83
"5º ";Capitania Fluvial de Porto Alegre;CFALEG;RS;Dique Flutuante;1
"5º ";Capitania Fluvial de Porto Alegre;CFALEG;RS;Draga;288
"5º ";Capitania Fluvial de Porto Alegre;CFALEG;RS;Empurrador;14
"5º ";Capitania Fluvial de Porto Alegre;CFALEG;RS;Escuna;14
"5º ";Capitania Fluvial de Porto Alegre;CFALEG;RS;Flutuante;61
"5º ";Capitania Fluvial de Porto Alegre;CFALEG;RS;Graneleiro;86
"5º ";Capitania Fluvial de Porto Alegre;CFALEG;RS;Hidroavião;2
"5º ";Capitania Fluvial de Porto Alegre;CFALEG;RS;Hovercraft;5
"5º ";Capitania Fluvial de Porto Alegre;CFALEG;RS;Iate;5
"5º ";Capitania Fluvial de Porto Alegre;CFALEG;RS;Jangada;13
"5º ";Capitania Fluvial de Porto Alegre;CFALEG;RS;Jet Boat;29
"5º ";Capitania Fluvial de Porto Alegre;CFALEG;RS;Lancha;8532
"5º ";Capitania Fluvial de Porto Alegre;CFALEG;RS;Laser;4
"5º ";Capitania Fluvial de Porto Alegre;CFALEG;RS;Moto-Aquática/similar;8199
"5º ";Capitania Fluvial de Porto Alegre;CFALEG;RS;Multicasco (Catamarã, Trimarã, Tetramarã, etc);94
"5º ";Capitania Fluvial de Porto Alegre;CFALEG;RS;Outros;3640
"5º ";Capitania Fluvial de Porto Alegre;CFALEG;RS;Passageiro;7
"5º ";Capitania Fluvial de Porto Alegre;CFALEG;RS;Passageiro / Carga Geral;2
"5º ";Capitania Fluvial de Porto Alegre;CFALEG;RS;Pesqueiro;30
"5º ";Capitania Fluvial de Porto Alegre;CFALEG;RS;Petroleiro;4
"5º ";Capitania Fluvial de Porto Alegre;CFALEG;RS;Plataforma Auto-Elevável;1
"5º ";Capitania Fluvial de Porto Alegre;CFALEG;RS;Plataforma Fixa;5
"5º ";Capitania Fluvial de Porto Alegre;CFALEG;RS;Porta-Contentor;3
"5º ";Capitania Fluvial de Porto Alegre;CFALEG;RS;Químico;1
"5º ";Capitania Fluvial de Porto Alegre;CFALEG;RS;Rebocador;103
"5º ";Capitania Fluvial de Porto Alegre;CFALEG;RS;Roll-on / Roll-off Passageiro (Ferry Boat);1
"5º ";Capitania Fluvial de Porto Alegre;CFALEG;RS;Saveiro;1
"5º ";Capitania Fluvial de Porto Alegre;CFALEG;RS;Tanque (transporte de granéis líquidos);4
"5º ";Capitania Fluvial de Porto Alegre;CFALEG;RS;Traineira;2
"5º ";Capitania Fluvial de Porto Alegre;CFALEG;RS;Transporte de Gases Liquefeitos;2
"5º ";Capitania Fluvial de Porto Alegre;CFALEG;RS;Veleiro;1185
"5º ";Delegacia da Capitania dos Portos em Itajaí;DCPJAI;SC;Alvarenga;1
"5º ";Delegacia da Capitania dos Portos em Itajaí;DCPJAI;SC;Apoio à Manobra;3
"5º ";Delegacia da Capitania dos Portos em Itajaí;DCPJAI;SC;Apoio a Mergulho;8
"5º ";Delegacia da Capitania dos Portos em Itajaí;DCPJAI;SC;Balsa;51
"5º ";Delegacia da Capitania dos Portos em Itajaí;DCPJAI;SC;Barcaça;17
"5º ";Delegacia da Capitania dos Portos em Itajaí;DCPJAI;SC;Batelão;5
"5º ";Delegacia da Capitania dos Portos em Itajaí;DCPJAI;SC;Bote;5926
"5º ";Delegacia da Capitania dos Portos em Itajaí;DCPJAI;SC;Cábrea;2
"5º ";Delegacia da Capitania dos Portos em Itajaí;DCPJAI;SC;Caiaque;96
"5º ";Delegacia da Capitania dos Portos em Itajaí;DCPJAI;SC;Caique;4
"5º ";Delegacia da Capitania dos Portos em Itajaí;DCPJAI;SC;Canoa;221
"5º ";Delegacia da Capitania dos Portos em Itajaí;DCPJAI;SC;Carga Geral;8
"5º ";Delegacia da Capitania dos Portos em Itajaí;DCPJAI;SC;Chata;278
"5º ";Delegacia da Capitania dos Portos em Itajaí;DCPJAI;SC;Dique Flutuante;2
"5º ";Delegacia da Capitania dos Portos em Itajaí;DCPJAI;SC;Draga;112
"5º ";Delegacia da Capitania dos Portos em Itajaí;DCPJAI;SC;Empurrador;8
"5º ";Delegacia da Capitania dos Portos em Itajaí;DCPJAI;SC;Escuna;29
"5º ";Delegacia da Capitania dos Portos em Itajaí;DCPJAI;SC;Flutuante;36
"5º ";Delegacia da Capitania dos Portos em Itajaí;DCPJAI;SC;Iate;20
"5º ";Delegacia da Capitania dos Portos em Itajaí;DCPJAI;SC;Jangada;9
"5º ";Delegacia da Capitania dos Portos em Itajaí;DCPJAI;SC;Jet Boat;41
"5º ";Delegacia da Capitania dos Portos em Itajaí;DCPJAI;SC;Lançador de Linhas;3
"5º ";Delegacia da Capitania dos Portos em Itajaí;DCPJAI;SC;Lancha;6625
"5º ";Delegacia da Capitania dos Portos em Itajaí;DCPJAI;SC;Laser;1
"5º ";Delegacia da Capitania dos Portos em Itajaí;DCPJAI;SC;Moto-Aquática/similar;5803
"5º ";Delegacia da Capitania dos Portos em Itajaí;DCPJAI;SC;Multicasco (Catamarã, Trimarã, Tetramarã, etc);16
"5º ";Delegacia da Capitania dos Portos em Itajaí;DCPJAI;SC;Multipurpose;1
"5º ";Delegacia da Capitania dos Portos em Itajaí;DCPJAI;SC;Outros;1958
"5º ";Delegacia da Capitania dos Portos em Itajaí;DCPJAI;SC;Passageiro;27
"5º ";Delegacia da Capitania dos Portos em Itajaí;DCPJAI;SC;Pesqueiro;1410
"5º ";Delegacia da Capitania dos Portos em Itajaí;DCPJAI;SC;Pesquisa;2
"5º ";Delegacia da Capitania dos Portos em Itajaí;DCPJAI;SC;Porta-Contentor;2
"5º ";Delegacia da Capitania dos Portos em Itajaí;DCPJAI;SC;Rebocador;41
"5º ";Delegacia da Capitania dos Portos em Itajaí;DCPJAI;SC;Roll-on / Roll-off Passageiro (Ferry Boat);5
"5º ";Delegacia da Capitania dos Portos em Itajaí;DCPJAI;SC;Saveiro;4
"5º ";Delegacia da Capitania dos Portos em Itajaí;DCPJAI;SC;Supridor (Supply);61
"5º ";Delegacia da Capitania dos Portos em Itajaí;DCPJAI;SC;Traineira;39
"5º ";Delegacia da Capitania dos Portos em Itajaí;DCPJAI;SC;Veleiro;457
"5º ";"Delegacia da Capitania dos Portos em Laguna ";DELUNA;SC;Balsa;86
"5º ";"Delegacia da Capitania dos Portos em Laguna ";DELUNA;SC;Barcaça;20
"5º ";"Delegacia da Capitania dos Portos em Laguna ";DELUNA;SC;Batelão;49
"5º ";"Delegacia da Capitania dos Portos em Laguna ";DELUNA;SC;Bote;3500
"5º ";"Delegacia da Capitania dos Portos em Laguna ";DELUNA;SC;Cábrea;2
"5º ";"Delegacia da Capitania dos Portos em Laguna ";DELUNA;SC;Caiaque;46
"5º ";"Delegacia da Capitania dos Portos em Laguna ";DELUNA;SC;Caique;285
"5º ";"Delegacia da Capitania dos Portos em Laguna ";DELUNA;SC;Canoa;1756
"5º ";"Delegacia da Capitania dos Portos em Laguna ";DELUNA;SC;Chata;11
"5º ";"Delegacia da Capitania dos Portos em Laguna ";DELUNA;SC;Draga;73
"5º ";"Delegacia da Capitania dos Portos em Laguna ";DELUNA;SC;Empurrador;1
"5º ";"Delegacia da Capitania dos Portos em Laguna ";DELUNA;SC;Escuna;2
"5º ";"Delegacia da Capitania dos Portos em Laguna ";DELUNA;SC;Flutuante;5
"5º ";"Delegacia da Capitania dos Portos em Laguna ";DELUNA;SC;Hovercraft;1
"5º ";"Delegacia da Capitania dos Portos em Laguna ";DELUNA;SC;Iate;8
"5º ";"Delegacia da Capitania dos Portos em Laguna ";DELUNA;SC;Jangada;4
"5º ";"Delegacia da Capitania dos Portos em Laguna ";DELUNA;SC;Jet Boat;11
"5º ";"Delegacia da Capitania dos Portos em Laguna ";DELUNA;SC;Lancha;1276
"5º ";"Delegacia da Capitania dos Portos em Laguna ";DELUNA;SC;Moto-Aquática/similar;1603
"5º ";"Delegacia da Capitania dos Portos em Laguna ";DELUNA;SC;Multicasco (Catamarã, Trimarã, Tetramarã, etc);4
"5º ";"Delegacia da Capitania dos Portos em Laguna ";DELUNA;SC;Outros;6709
"5º ";"Delegacia da Capitania dos Portos em Laguna ";DELUNA;SC;Passageiro;6
"5º ";"Delegacia da Capitania dos Portos em Laguna ";DELUNA;SC;Pesqueiro;115
"5º ";"Delegacia da Capitania dos Portos em Laguna ";DELUNA;SC;Rebocador;14
"5º ";"Delegacia da Capitania dos Portos em Laguna ";DELUNA;SC;Roll-on / Roll-off Passageiro (Ferry Boat);1
"5º ";"Delegacia da Capitania dos Portos em Laguna ";DELUNA;SC;Saveiro;1
"5º ";"Delegacia da Capitania dos Portos em Laguna ";DELUNA;SC;Traineira;10
"5º ";"Delegacia da Capitania dos Portos em Laguna ";DELUNA;SC;Veleiro;43
"5º ";Delegacia da Capitania dos Portos em São Francisco do Sul;DLSFSL;SC;Apoio a Mergulho;9
"5º ";Delegacia da Capitania dos Portos em São Francisco do Sul;DLSFSL;SC;Balsa;20
"5º ";Delegacia da Capitania dos Portos em São Francisco do Sul;DLSFSL;SC;Barcaça;11
"5º ";Delegacia da Capitania dos Portos em São Francisco do Sul;DLSFSL;SC;Batelão;1
"5º ";Delegacia da Capitania dos Portos em São Francisco do Sul;DLSFSL;SC;Bote;12583
"5º ";Delegacia da Capitania dos Portos em São Francisco do Sul;DLSFSL;SC;Cábrea;3
"5º ";Delegacia da Capitania dos Portos em São Francisco do Sul;DLSFSL;SC;Caiaque;112
"5º ";Delegacia da Capitania dos Portos em São Francisco do Sul;DLSFSL;SC;Caique;3
"5º ";Delegacia da Capitania dos Portos em São Francisco do Sul;DLSFSL;SC;Canoa;123
"5º ";Delegacia da Capitania dos Portos em São Francisco do Sul;DLSFSL;SC;Carga Geral;5
"5º ";Delegacia da Capitania dos Portos em São Francisco do Sul;DLSFSL;SC;Chata;49
"5º ";Delegacia da Capitania dos Portos em São Francisco do Sul;DLSFSL;SC;Draga;128
"5º ";Delegacia da Capitania dos Portos em São Francisco do Sul;DLSFSL;SC;Empurrador;7
"5º ";Delegacia da Capitania dos Portos em São Francisco do Sul;DLSFSL;SC;Escuna;8
"5º ";Delegacia da Capitania dos Portos em São Francisco do Sul;DLSFSL;SC;Flutuante;17
"5º ";Delegacia da Capitania dos Portos em São Francisco do Sul;DLSFSL;SC;Hovercraft;6
"5º ";Delegacia da Capitania dos Portos em São Francisco do Sul;DLSFSL;SC;Iate;10
"5º ";Delegacia da Capitania dos Portos em São Francisco do Sul;DLSFSL;SC;Jangada;1
"5º ";Delegacia da Capitania dos Portos em São Francisco do Sul;DLSFSL;SC;Jet Boat;7
"5º ";Delegacia da Capitania dos Portos em São Francisco do Sul;DLSFSL;SC;Lançador de Linhas;1
"5º ";Delegacia da Capitania dos Portos em São Francisco do Sul;DLSFSL;SC;Lancha;4092
"5º ";Delegacia da Capitania dos Portos em São Francisco do Sul;DLSFSL;SC;Moto-Aquática/similar;2208
"5º ";Delegacia da Capitania dos Portos em São Francisco do Sul;DLSFSL;SC;Multicasco (Catamarã, Trimarã, Tetramarã, etc);31
"5º ";Delegacia da Capitania dos Portos em São Francisco do Sul;DLSFSL;SC;Multipurpose;3
"5º ";Delegacia da Capitania dos Portos em São Francisco do Sul;DLSFSL;SC;Oceonagráfico;3
"5º ";Delegacia da Capitania dos Portos em São Francisco do Sul;DLSFSL;SC;Outros;5261
"5º ";Delegacia da Capitania dos Portos em São Francisco do Sul;DLSFSL;SC;Passageiro;28
"5º ";Delegacia da Capitania dos Portos em São Francisco do Sul;DLSFSL;SC;Pesqueiro;58
"5º ";Delegacia da Capitania dos Portos em São Francisco do Sul;DLSFSL;SC;Pesquisa;1
"5º ";Delegacia da Capitania dos Portos em São Francisco do Sul;DLSFSL;SC;Plataforma Fixa;1
"5º ";Delegacia da Capitania dos Portos em São Francisco do Sul;DLSFSL;SC;Quebra-gelo;1
"5º ";Delegacia da Capitania dos Portos em São Francisco do Sul;DLSFSL;SC;Rebocador;26
"5º ";Delegacia da Capitania dos Portos em São Francisco do Sul;DLSFSL;SC;Saveiro;4
"5º ";Delegacia da Capitania dos Portos em São Francisco do Sul;DLSFSL;SC;Supridor (Supply);6
"5º ";Delegacia da Capitania dos Portos em São Francisco do Sul;DLSFSL;SC;Tanque (transporte de granéis líquidos);1
"5º ";Delegacia da Capitania dos Portos em São Francisco do Sul;DLSFSL;SC;Traineira;131
"5º ";Delegacia da Capitania dos Portos em São Francisco do Sul;DLSFSL;SC;Transporte de Carga Pesada (Navio de Cargas Especiais);1
"5º ";Delegacia da Capitania dos Portos em São Francisco do Sul;DLSFSL;SC;Veleiro;338
"5º ";Delegacia Fluvial de Uruguaiana;DLURUG;RS;Alvarenga;1
"5º ";Delegacia Fluvial de Uruguaiana;DLURUG;RS;Balsa;37
"5º ";Delegacia Fluvial de Uruguaiana;DLURUG;RS;Barcaça;9
"5º ";Delegacia Fluvial de Uruguaiana;DLURUG;RS;Bote;8594
"5º ";Delegacia Fluvial de Uruguaiana;DLURUG;RS;Caiaque;22
"5º ";Delegacia Fluvial de Uruguaiana;DLURUG;RS;Caique;1
"5º ";Delegacia Fluvial de Uruguaiana;DLURUG;RS;Canoa;1225
"5º ";Delegacia Fluvial de Uruguaiana;DLURUG;RS;Chata;9
"5º ";Delegacia Fluvial de Uruguaiana;DLURUG;RS;Draga;33
"5º ";Delegacia Fluvial de Uruguaiana;DLURUG;RS;Flutuante;7
"5º ";Delegacia Fluvial de Uruguaiana;DLURUG;RS;Jangada;1
"5º ";Delegacia Fluvial de Uruguaiana;DLURUG;RS;Jet Boat;6
"5º ";Delegacia Fluvial de Uruguaiana;DLURUG;RS;Lancha;2226
"5º ";Delegacia Fluvial de Uruguaiana;DLURUG;RS;Manuseio de Âncora (AHTS);1
"5º ";Delegacia Fluvial de Uruguaiana;DLURUG;RS;Moto-Aquática/similar;746
"5º ";Delegacia Fluvial de Uruguaiana;DLURUG;RS;Multicasco (Catamarã, Trimarã, Tetramarã, etc);1
"5º ";Delegacia Fluvial de Uruguaiana;DLURUG;RS;Outros;556
"5º ";Delegacia Fluvial de Uruguaiana;DLURUG;RS;Passageiro;5
"5º ";Delegacia Fluvial de Uruguaiana;DLURUG;RS;Plataforma Fixa;1
"5º ";Delegacia Fluvial de Uruguaiana;DLURUG;RS;Rebocador;16
"5º ";Delegacia Fluvial de Uruguaiana;DLURUG;RS;Traineira;1
"5º ";Delegacia Fluvial de Uruguaiana;DLURUG;RS;Veleiro;4
"6º ";Agência Fluvial de Cáceres;AGCACE;MT;Balsa;29
"6º ";Agência Fluvial de Cáceres;AGCACE;MT;Barcaça;3
"6º ";Agência Fluvial de Cáceres;AGCACE;MT;Batelão;1
"6º ";Agência Fluvial de Cáceres;AGCACE;MT;Bote;9378
"6º ";Agência Fluvial de Cáceres;AGCACE;MT;Cábrea;1
"6º ";Agência Fluvial de Cáceres;AGCACE;MT;Caiaque;10
"6º ";Agência Fluvial de Cáceres;AGCACE;MT;Canoa;418
"6º ";Agência Fluvial de Cáceres;AGCACE;MT;Carga Geral;1
"6º ";Agência Fluvial de Cáceres;AGCACE;MT;Chata;269
"6º ";Agência Fluvial de Cáceres;AGCACE;MT;Draga;42
"6º ";Agência Fluvial de Cáceres;AGCACE;MT;Flotel;2
"6º ";Agência Fluvial de Cáceres;AGCACE;MT;Flutuante;48
"6º ";Agência Fluvial de Cáceres;AGCACE;MT;Hovercraft;2
"6º ";Agência Fluvial de Cáceres;AGCACE;MT;Iate;1
"6º ";Agência Fluvial de Cáceres;AGCACE;MT;Jangada;1
"6º ";Agência Fluvial de Cáceres;AGCACE;MT;Jet Boat;6
"6º ";Agência Fluvial de Cáceres;AGCACE;MT;Lancha;1079
"6º ";Agência Fluvial de Cáceres;AGCACE;MT;Moto-Aquática/similar;215
"6º ";Agência Fluvial de Cáceres;AGCACE;MT;Multicasco (Catamarã, Trimarã, Tetramarã, etc);4
"6º ";Agência Fluvial de Cáceres;AGCACE;MT;Outros;1434
"6º ";Agência Fluvial de Cáceres;AGCACE;MT;Passageiro;16
"6º ";Agência Fluvial de Cáceres;AGCACE;MT;Rebocador;15
"6º ";Agência Fluvial de Porto Murtinho;AGMURT;MS;Balsa;13
"6º ";Agência Fluvial de Porto Murtinho;AGMURT;MS;Barcaça;2
"6º ";Agência Fluvial de Porto Murtinho;AGMURT;MS;Batelão;3
"6º ";Agência Fluvial de Porto Murtinho;AGMURT;MS;Bote;6275
"6º ";Agência Fluvial de Porto Murtinho;AGMURT;MS;Caiaque;9
"6º ";Agência Fluvial de Porto Murtinho;AGMURT;MS;Canoa;6
"6º ";Agência Fluvial de Porto Murtinho;AGMURT;MS;Chata;19
"6º ";Agência Fluvial de Porto Murtinho;AGMURT;MS;Curral;1
"6º ";Agência Fluvial de Porto Murtinho;AGMURT;MS;Draga;19
"6º ";Agência Fluvial de Porto Murtinho;AGMURT;MS;Empurrador;2
"6º ";Agência Fluvial de Porto Murtinho;AGMURT;MS;Escuna;1
"6º ";Agência Fluvial de Porto Murtinho;AGMURT;MS;Flutuante;9
"6º ";Agência Fluvial de Porto Murtinho;AGMURT;MS;Hovercraft;5
"6º ";Agência Fluvial de Porto Murtinho;AGMURT;MS;Jet Boat;3
"6º ";Agência Fluvial de Porto Murtinho;AGMURT;MS;Lancha;990
"6º ";Agência Fluvial de Porto Murtinho;AGMURT;MS;Moto-Aquática/similar;303
"6º ";Agência Fluvial de Porto Murtinho;AGMURT;MS;Outros;926
"6º ";Agência Fluvial de Porto Murtinho;AGMURT;MS;Passageiro;18
"6º ";Agência Fluvial de Porto Murtinho;AGMURT;MS;Passageiro / Carga Geral;1
"6º ";Agência Fluvial de Porto Murtinho;AGMURT;MS;Rebocador;6
"6º ";Agência Fluvial de Porto Murtinho;AGMURT;MS;Veleiro;1
"6º ";Agência Fluvial de São Felix do Araguaia;AGELIX;MT;Balsa;92
"6º ";Agência Fluvial de São Felix do Araguaia;AGELIX;MT;Barcaça;8
"6º ";Agência Fluvial de São Felix do Araguaia;AGELIX;MT;Batelão;1
"6º ";Agência Fluvial de São Felix do Araguaia;AGELIX;MT;Bote;180
"6º ";Agência Fluvial de São Felix do Araguaia;AGELIX;MT;Caiaque;3
"6º ";Agência Fluvial de São Felix do Araguaia;AGELIX;MT;Canoa;1980
"6º ";Agência Fluvial de São Felix do Araguaia;AGELIX;MT;Carga Geral;2
"6º ";Agência Fluvial de São Felix do Araguaia;AGELIX;MT;Chata;262
"6º ";Agência Fluvial de São Felix do Araguaia;AGELIX;MT;Dique Flutuante;1
"6º ";Agência Fluvial de São Felix do Araguaia;AGELIX;MT;Draga;5
"6º ";Agência Fluvial de São Felix do Araguaia;AGELIX;MT;Empurrador;5
"6º ";Agência Fluvial de São Felix do Araguaia;AGELIX;MT;Flutuante;41
"6º ";Agência Fluvial de São Felix do Araguaia;AGELIX;MT;Hovercraft;1
"6º ";Agência Fluvial de São Felix do Araguaia;AGELIX;MT;Jet Boat;17
"6º ";Agência Fluvial de São Felix do Araguaia;AGELIX;MT;Lançador de Linhas;1
"6º ";Agência Fluvial de São Felix do Araguaia;AGELIX;MT;Lancha;2898
"6º ";Agência Fluvial de São Felix do Araguaia;AGELIX;MT;Moto-Aquática/similar;512
"6º ";Agência Fluvial de São Felix do Araguaia;AGELIX;MT;Multicasco (Catamarã, Trimarã, Tetramarã, etc);1
"6º ";Agência Fluvial de São Felix do Araguaia;AGELIX;MT;Outros;11
"6º ";Agência Fluvial de São Felix do Araguaia;AGELIX;MT;Passageiro;10
"6º ";Agência Fluvial de São Felix do Araguaia;AGELIX;MT;Passageiro / Carga Geral;2
"6º ";Agência Fluvial de São Felix do Araguaia;AGELIX;MT;Rebocador;1
"6º ";Agência Fluvial de São Felix do Araguaia;AGELIX;MT;Veleiro;1
"6º ";Agência Fluvial de Sinop;AGFSIN;MT;Balsa;8
"6º ";Agência Fluvial de Sinop;AGFSIN;MT;Barcaça;1
"6º ";Agência Fluvial de Sinop;AGFSIN;MT;Bote;2420
"6º ";Agência Fluvial de Sinop;AGFSIN;MT;Caiaque;39
"6º ";Agência Fluvial de Sinop;AGFSIN;MT;Canoa;1
"6º ";Agência Fluvial de Sinop;AGFSIN;MT;Chata;8
"6º ";Agência Fluvial de Sinop;AGFSIN;MT;Draga;13
"6º ";Agência Fluvial de Sinop;AGFSIN;MT;Empurrador;3
"6º ";Agência Fluvial de Sinop;AGFSIN;MT;Flutuante;32
"6º ";Agência Fluvial de Sinop;AGFSIN;MT;Jet Boat;4
"6º ";Agência Fluvial de Sinop;AGFSIN;MT;Lancha;356
"6º ";Agência Fluvial de Sinop;AGFSIN;MT;Moto-Aquática/similar;235
"6º ";Agência Fluvial de Sinop;AGFSIN;MT;Multicasco (Catamarã, Trimarã, Tetramarã, etc);7
"6º ";Agência Fluvial de Sinop;AGFSIN;MT;Rebocador;11
"6º ";Agência Fluvial de Sinop;AGFSIN;MT;Veleiro;1
"6º ";Capitania Fluvial de Mato Grosso;CFCUIA;MT;Balsa;84
"6º ";Capitania Fluvial de Mato Grosso;CFCUIA;MT;Barcaça;16
"6º ";Capitania Fluvial de Mato Grosso;CFCUIA;MT;Batelão;3
"6º ";Capitania Fluvial de Mato Grosso;CFCUIA;MT;Bote;10389
"6º ";Capitania Fluvial de Mato Grosso;CFCUIA;MT;Cábrea;1
"6º ";Capitania Fluvial de Mato Grosso;CFCUIA;MT;Caiaque;28
"6º ";Capitania Fluvial de Mato Grosso;CFCUIA;MT;Canoa;98
"6º ";Capitania Fluvial de Mato Grosso;CFCUIA;MT;Carga Geral;2
"6º ";Capitania Fluvial de Mato Grosso;CFCUIA;MT;Chata;350
"6º ";Capitania Fluvial de Mato Grosso;CFCUIA;MT;Draga;255
"6º ";Capitania Fluvial de Mato Grosso;CFCUIA;MT;Empurrador;6
"6º ";Capitania Fluvial de Mato Grosso;CFCUIA;MT;Escuna;2
"6º ";Capitania Fluvial de Mato Grosso;CFCUIA;MT;Flotel;1
"6º ";Capitania Fluvial de Mato Grosso;CFCUIA;MT;Flutuante;210
"6º ";Capitania Fluvial de Mato Grosso;CFCUIA;MT;Hovercraft;4
"6º ";Capitania Fluvial de Mato Grosso;CFCUIA;MT;Iate;1
"6º ";Capitania Fluvial de Mato Grosso;CFCUIA;MT;Jangada;3
"6º ";Capitania Fluvial de Mato Grosso;CFCUIA;MT;Jet Boat;56
"6º ";Capitania Fluvial de Mato Grosso;CFCUIA;MT;Lançador de Linhas;8
"6º ";Capitania Fluvial de Mato Grosso;CFCUIA;MT;Lancha;7301
"6º ";Capitania Fluvial de Mato Grosso;CFCUIA;MT;Moto-Aquática/similar;2169
"6º ";Capitania Fluvial de Mato Grosso;CFCUIA;MT;Multicasco (Catamarã, Trimarã, Tetramarã, etc);12
"6º ";Capitania Fluvial de Mato Grosso;CFCUIA;MT;Outros;1672
"6º ";Capitania Fluvial de Mato Grosso;CFCUIA;MT;Passageiro;7
"6º ";Capitania Fluvial de Mato Grosso;CFCUIA;MT;Passageiro / Carga Geral;2
"6º ";Capitania Fluvial de Mato Grosso;CFCUIA;MT;Pesqueiro;1
"6º ";Capitania Fluvial de Mato Grosso;CFCUIA;MT;Plataforma Fixa;2
"6º ";Capitania Fluvial de Mato Grosso;CFCUIA;MT;Rebocador;36
"6º ";Capitania Fluvial de Mato Grosso;CFCUIA;MT;Saveiro;2
"6º ";Capitania Fluvial de Mato Grosso;CFCUIA;MT;Traineira;2
"6º ";Capitania Fluvial de Mato Grosso;CFCUIA;MT;Veleiro;4
"6º ";Capitania Fluvial do Pantanal;CPUMBA;MS;Apoio à Manobra;8
"6º ";Capitania Fluvial do Pantanal;CPUMBA;MS;Balsa;66
"6º ";Capitania Fluvial do Pantanal;CPUMBA;MS;Barcaça;69
"6º ";Capitania Fluvial do Pantanal;CPUMBA;MS;Batelão;2
"6º ";Capitania Fluvial do Pantanal;CPUMBA;MS;Bote;13902
"6º ";Capitania Fluvial do Pantanal;CPUMBA;MS;Cábrea;1
"6º ";Capitania Fluvial do Pantanal;CPUMBA;MS;Caiaque;39
"6º ";Capitania Fluvial do Pantanal;CPUMBA;MS;Caique;1
"6º ";Capitania Fluvial do Pantanal;CPUMBA;MS;Canoa;8
"6º ";Capitania Fluvial do Pantanal;CPUMBA;MS;Carga Geral;6
"6º ";Capitania Fluvial do Pantanal;CPUMBA;MS;Chata;94
"6º ";Capitania Fluvial do Pantanal;CPUMBA;MS;Draga;46
"6º ";Capitania Fluvial do Pantanal;CPUMBA;MS;Empurrador;31
"6º ";Capitania Fluvial do Pantanal;CPUMBA;MS;Escuna;1
"6º ";Capitania Fluvial do Pantanal;CPUMBA;MS;Flutuante;57
"6º ";Capitania Fluvial do Pantanal;CPUMBA;MS;Jangada;1
"6º ";Capitania Fluvial do Pantanal;CPUMBA;MS;Jet Boat;8
"6º ";Capitania Fluvial do Pantanal;CPUMBA;MS;Lancha;3103
"6º ";Capitania Fluvial do Pantanal;CPUMBA;MS;Manuseio de Âncora (AHTS);1
"6º ";Capitania Fluvial do Pantanal;CPUMBA;MS;Moto-Aquática/similar;1120
"6º ";Capitania Fluvial do Pantanal;CPUMBA;MS;Multicasco (Catamarã, Trimarã, Tetramarã, etc);17
"6º ";Capitania Fluvial do Pantanal;CPUMBA;MS;Outros;3143
"6º ";Capitania Fluvial do Pantanal;CPUMBA;MS;Passageiro;54
"6º ";Capitania Fluvial do Pantanal;CPUMBA;MS;Passageiro / Carga Geral;1
"6º ";Capitania Fluvial do Pantanal;CPUMBA;MS;Pesqueiro;2
"6º ";Capitania Fluvial do Pantanal;CPUMBA;MS;Plataforma Fixa;1
"6º ";Capitania Fluvial do Pantanal;CPUMBA;MS;Rebocador;36
"6º ";Capitania Fluvial do Pantanal;CPUMBA;MS;Roll-on / Roll-off Passageiro (Ferry Boat);1
"6º ";Capitania Fluvial do Pantanal;CPUMBA;MS;Veleiro;7
"7º ";Capitania Fluvial de Brasília;CPFBRA;DF;Alvarenga;1
"7º ";Capitania Fluvial de Brasília;CPFBRA;DF;Balsa;73
"7º ";Capitania Fluvial de Brasília;CPFBRA;DF;Barcaça;21
"7º ";Capitania Fluvial de Brasília;CPFBRA;DF;Batelão;3
"7º ";Capitania Fluvial de Brasília;CPFBRA;DF;Bote;5013
"7º ";Capitania Fluvial de Brasília;CPFBRA;DF;Cábrea;8
"7º ";Capitania Fluvial de Brasília;CPFBRA;DF;Caiaque;66
"7º ";Capitania Fluvial de Brasília;CPFBRA;DF;Caique;5
"7º ";Capitania Fluvial de Brasília;CPFBRA;DF;Canoa;1480
"7º ";Capitania Fluvial de Brasília;CPFBRA;DF;Carga Geral;4
"7º ";Capitania Fluvial de Brasília;CPFBRA;DF;Chata;14230
"7º ";Capitania Fluvial de Brasília;CPFBRA;DF;Draga;215
"7º ";Capitania Fluvial de Brasília;CPFBRA;DF;Empurrador;3
"7º ";Capitania Fluvial de Brasília;CPFBRA;DF;Escuna;4
"7º ";Capitania Fluvial de Brasília;CPFBRA;DF;Flutuante;162
"7º ";Capitania Fluvial de Brasília;CPFBRA;DF;Jangada;92
"7º ";Capitania Fluvial de Brasília;CPFBRA;DF;Jet Boat;42
"7º ";Capitania Fluvial de Brasília;CPFBRA;DF;Lançador de Linhas;2
"7º ";Capitania Fluvial de Brasília;CPFBRA;DF;Lancha;6924
"7º ";Capitania Fluvial de Brasília;CPFBRA;DF;Laser;2
"7º ";Capitania Fluvial de Brasília;CPFBRA;DF;Manuseio de Âncora (AHTS);2
"7º ";Capitania Fluvial de Brasília;CPFBRA;DF;Manuseio de Linhas;1
"7º ";Capitania Fluvial de Brasília;CPFBRA;DF;Moto-Aquática/similar;6230
"7º ";Capitania Fluvial de Brasília;CPFBRA;DF;Multicasco (Catamarã, Trimarã, Tetramarã, etc);159
"7º ";Capitania Fluvial de Brasília;CPFBRA;DF;Oceonagráfico;1
"7º ";Capitania Fluvial de Brasília;CPFBRA;DF;Outros;16669
"7º ";Capitania Fluvial de Brasília;CPFBRA;DF;Passageiro;16
"7º ";Capitania Fluvial de Brasília;CPFBRA;DF;Passageiro / Carga Geral;1
"7º ";Capitania Fluvial de Brasília;CPFBRA;DF;Pesqueiro;1
"7º ";Capitania Fluvial de Brasília;CPFBRA;DF;Petroleiro;1
"7º ";Capitania Fluvial de Brasília;CPFBRA;DF;Plataforma Fixa;1
"7º ";Capitania Fluvial de Brasília;CPFBRA;DF;Rebocador;26
"7º ";Capitania Fluvial de Brasília;CPFBRA;DF;Saveiro;3
"7º ";Capitania Fluvial de Brasília;CPFBRA;DF;Traineira;4
"7º ";Capitania Fluvial de Brasília;CPFBRA;DF;Veleiro;1005
"7º ";Capitania Fluvial de Goiás;CFGOIA;GO;Balsa;18
"7º ";Capitania Fluvial de Goiás;CFGOIA;GO;Barcaça;6
"7º ";Capitania Fluvial de Goiás;CFGOIA;GO;Bote;917
"7º ";Capitania Fluvial de Goiás;CFGOIA;GO;Cábrea;12
"7º ";Capitania Fluvial de Goiás;CFGOIA;GO;Caiaque;72
"7º ";Capitania Fluvial de Goiás;CFGOIA;GO;Caique;7
"7º ";Capitania Fluvial de Goiás;CFGOIA;GO;Canoa;1403
"7º ";Capitania Fluvial de Goiás;CFGOIA;GO;Carga de Alta Velocidade (HSC Carga);2
"7º ";Capitania Fluvial de Goiás;CFGOIA;GO;Carga Geral;6
"7º ";Capitania Fluvial de Goiás;CFGOIA;GO;Chata;6463
"7º ";Capitania Fluvial de Goiás;CFGOIA;GO;Draga;10
"7º ";Capitania Fluvial de Goiás;CFGOIA;GO;Empurrador;3
"7º ";Capitania Fluvial de Goiás;CFGOIA;GO;Flutuante;28
"7º ";Capitania Fluvial de Goiás;CFGOIA;GO;Hovercraft;2
"7º ";Capitania Fluvial de Goiás;CFGOIA;GO;Jangada;2
"7º ";Capitania Fluvial de Goiás;CFGOIA;GO;Jet Boat;30
"7º ";Capitania Fluvial de Goiás;CFGOIA;GO;Lancha;3735
"7º ";Capitania Fluvial de Goiás;CFGOIA;GO;Moto-Aquática/similar;4289
"7º ";Capitania Fluvial de Goiás;CFGOIA;GO;Multicasco (Catamarã, Trimarã, Tetramarã, etc);316
"7º ";Capitania Fluvial de Goiás;CFGOIA;GO;Outros;13
"7º ";Capitania Fluvial de Goiás;CFGOIA;GO;Passageiro;1
"7º ";Capitania Fluvial de Goiás;CFGOIA;GO;Rebocador;1
"7º ";Capitania Fluvial de Goiás;CFGOIA;GO;Saveiro;1
"7º ";Capitania Fluvial de Goiás;CFGOIA;GO;Veleiro;8
"7º ";Capitania Fluvial do Araguaia-Tocantins;CFATOC;TO;Balsa;41
"7º ";Capitania Fluvial do Araguaia-Tocantins;CFATOC;TO;Barcaça;27
"7º ";Capitania Fluvial do Araguaia-Tocantins;CFATOC;TO;Batelão;1
"7º ";Capitania Fluvial do Araguaia-Tocantins;CFATOC;TO;Bote;1131
"7º ";Capitania Fluvial do Araguaia-Tocantins;CFATOC;TO;Caiaque;36
"7º ";Capitania Fluvial do Araguaia-Tocantins;CFATOC;TO;Caique;5
"7º ";Capitania Fluvial do Araguaia-Tocantins;CFATOC;TO;Canoa;3323
"7º ";Capitania Fluvial do Araguaia-Tocantins;CFATOC;TO;Carga Geral;3
"7º ";Capitania Fluvial do Araguaia-Tocantins;CFATOC;TO;Chata;1251
"7º ";Capitania Fluvial do Araguaia-Tocantins;CFATOC;TO;Draga;28
"7º ";Capitania Fluvial do Araguaia-Tocantins;CFATOC;TO;Empurrador;16
"7º ";Capitania Fluvial do Araguaia-Tocantins;CFATOC;TO;Escuna;4
"7º ";Capitania Fluvial do Araguaia-Tocantins;CFATOC;TO;Flotel;1
"7º ";Capitania Fluvial do Araguaia-Tocantins;CFATOC;TO;Flutuante;24
"7º ";Capitania Fluvial do Araguaia-Tocantins;CFATOC;TO;Hovercraft;1
"7º ";Capitania Fluvial do Araguaia-Tocantins;CFATOC;TO;Jangada;7
"7º ";Capitania Fluvial do Araguaia-Tocantins;CFATOC;TO;Jet Boat;95
"7º ";Capitania Fluvial do Araguaia-Tocantins;CFATOC;TO;Lançador de Linhas;1
"7º ";Capitania Fluvial do Araguaia-Tocantins;CFATOC;TO;Lancha;5020
"7º ";Capitania Fluvial do Araguaia-Tocantins;CFATOC;TO;Manuseio de Âncora (AHTS);2
"7º ";Capitania Fluvial do Araguaia-Tocantins;CFATOC;TO;Moto-Aquática/similar;2613
"7º ";Capitania Fluvial do Araguaia-Tocantins;CFATOC;TO;Multicasco (Catamarã, Trimarã, Tetramarã, etc);140
"7º ";Capitania Fluvial do Araguaia-Tocantins;CFATOC;TO;Outros;11
"7º ";Capitania Fluvial do Araguaia-Tocantins;CFATOC;TO;Passageiro;6
"7º ";Capitania Fluvial do Araguaia-Tocantins;CFATOC;TO;Passageiro / Carga Geral;2
"7º ";Capitania Fluvial do Araguaia-Tocantins;CFATOC;TO;Pesqueiro;1
"7º ";Capitania Fluvial do Araguaia-Tocantins;CFATOC;TO;Rebocador;6
"7º ";Capitania Fluvial do Araguaia-Tocantins;CFATOC;TO;Saveiro;1
"7º ";Capitania Fluvial do Araguaia-Tocantins;CFATOC;TO;Traineira;1
"7º ";Capitania Fluvial do Araguaia-Tocantins;CFATOC;TO;Transporte Escolar;5
"7º ";Capitania Fluvial do Araguaia-Tocantins;CFATOC;TO;Veleiro;8
"8º ";Capitania dos Portos de São Paulo;CPSANT;SP;Alvarenga;1
"8º ";Capitania dos Portos de São Paulo;CPSANT;SP;Anfíbia;3
"8º ";Capitania dos Portos de São Paulo;CPSANT;SP;Apoio à Manobra;1
"8º ";Capitania dos Portos de São Paulo;CPSANT;SP;Apoio a Mergulho;7
"8º ";Capitania dos Portos de São Paulo;CPSANT;SP;Apoio a ROV;1
"8º ";Capitania dos Portos de São Paulo;CPSANT;SP;Balsa;248
"8º ";Capitania dos Portos de São Paulo;CPSANT;SP;Barcaça;69
"8º ";Capitania dos Portos de São Paulo;CPSANT;SP;Batelão;67
"8º ";Capitania dos Portos de São Paulo;CPSANT;SP;Bote;28660
"8º ";Capitania dos Portos de São Paulo;CPSANT;SP;Cábrea;10
"8º ";Capitania dos Portos de São Paulo;CPSANT;SP;Caiaque;314
"8º ";Capitania dos Portos de São Paulo;CPSANT;SP;Caique;6
"8º ";Capitania dos Portos de São Paulo;CPSANT;SP;Canoa;982
"8º ";Capitania dos Portos de São Paulo;CPSANT;SP;Carga Geral;6
"8º ";Capitania dos Portos de São Paulo;CPSANT;SP;Chata;841
"8º ";Capitania dos Portos de São Paulo;CPSANT;SP;Dique Flutuante;1
"8º ";Capitania dos Portos de São Paulo;CPSANT;SP;Draga;605
"8º ";Capitania dos Portos de São Paulo;CPSANT;SP;Embarcação Autônoma;2
"8º ";Capitania dos Portos de São Paulo;CPSANT;SP;Empurrador;14
"8º ";Capitania dos Portos de São Paulo;CPSANT;SP;Escuna;49
"8º ";Capitania dos Portos de São Paulo;CPSANT;SP;Floating, Production, Storage and Off-Loading Unit (FPSO);2
"8º ";Capitania dos Portos de São Paulo;CPSANT;SP;Flutuante;777
"8º ";Capitania dos Portos de São Paulo;CPSANT;SP;Graneleiro;1
"8º ";Capitania dos Portos de São Paulo;CPSANT;SP;Hidroavião;2
"8º ";Capitania dos Portos de São Paulo;CPSANT;SP;Hovercraft;19
"8º ";Capitania dos Portos de São Paulo;CPSANT;SP;Iate;41
"8º ";Capitania dos Portos de São Paulo;CPSANT;SP;Jangada;85
"8º ";Capitania dos Portos de São Paulo;CPSANT;SP;Jet Boat;189
"8º ";Capitania dos Portos de São Paulo;CPSANT;SP;Lançador de Linhas;7
"8º ";Capitania dos Portos de São Paulo;CPSANT;SP;Lancha;23105
"8º ";Capitania dos Portos de São Paulo;CPSANT;SP;Laser;3
"8º ";Capitania dos Portos de São Paulo;CPSANT;SP;Manuseio de Âncora (AHTS);20
"8º ";Capitania dos Portos de São Paulo;CPSANT;SP;Manuseio de Linhas;5
"8º ";Capitania dos Portos de São Paulo;CPSANT;SP;Moto-Aquática/similar;30944
"8º ";Capitania dos Portos de São Paulo;CPSANT;SP;Multicasco (Catamarã, Trimarã, Tetramarã, etc);230
"8º ";Capitania dos Portos de São Paulo;CPSANT;SP;Oceonagráfico;2
"8º ";Capitania dos Portos de São Paulo;CPSANT;SP;Outros;19315
"8º ";Capitania dos Portos de São Paulo;CPSANT;SP;Passageiro;14
"8º ";Capitania dos Portos de São Paulo;CPSANT;SP;Pesqueiro;313
"8º ";Capitania dos Portos de São Paulo;CPSANT;SP;Pesquisa;4
"8º ";Capitania dos Portos de São Paulo;CPSANT;SP;Petroleiro;5
"8º ";Capitania dos Portos de São Paulo;CPSANT;SP;Petroleiro e Químico;2
"8º ";Capitania dos Portos de São Paulo;CPSANT;SP;Porta-Contentor;2
"8º ";Capitania dos Portos de São Paulo;CPSANT;SP;Químico;1
"8º ";Capitania dos Portos de São Paulo;CPSANT;SP;Químico e Gaseiro;1
"8º ";Capitania dos Portos de São Paulo;CPSANT;SP;Rebocador;180
"8º ";Capitania dos Portos de São Paulo;CPSANT;SP;"Roll-on / Roll-off Carga ";1
"8º ";Capitania dos Portos de São Paulo;CPSANT;SP;Roll-on / Roll-off Passageiro (Ferry Boat);20
"8º ";Capitania dos Portos de São Paulo;CPSANT;SP;Saveiro;25
"8º ";Capitania dos Portos de São Paulo;CPSANT;SP;Supridor (Supply);2
"8º ";Capitania dos Portos de São Paulo;CPSANT;SP;Tanque (transporte de granéis líquidos);2
"8º ";Capitania dos Portos de São Paulo;CPSANT;SP;Traineira;108
"8º ";Capitania dos Portos de São Paulo;CPSANT;SP;Veleiro;2733
"8º ";Capitania dos Portos do Paraná;CPAGUA;PR;Alvarenga;1
"8º ";Capitania dos Portos do Paraná;CPAGUA;PR;Apoio a Mergulho;2
"8º ";Capitania dos Portos do Paraná;CPAGUA;PR;Balsa;65
"8º ";Capitania dos Portos do Paraná;CPAGUA;PR;Barcaça;17
"8º ";Capitania dos Portos do Paraná;CPAGUA;PR;Batelão;2
"8º ";Capitania dos Portos do Paraná;CPAGUA;PR;Bote;9959
"8º ";Capitania dos Portos do Paraná;CPAGUA;PR;Caiaque;158
"8º ";Capitania dos Portos do Paraná;CPAGUA;PR;Caique;4
"8º ";Capitania dos Portos do Paraná;CPAGUA;PR;Canoa;3463
"8º ";Capitania dos Portos do Paraná;CPAGUA;PR;Carga Geral;1
"8º ";Capitania dos Portos do Paraná;CPAGUA;PR;Chata;62
"8º ";Capitania dos Portos do Paraná;CPAGUA;PR;Dique Flutuante;2
"8º ";Capitania dos Portos do Paraná;CPAGUA;PR;Draga;84
"8º ";Capitania dos Portos do Paraná;CPAGUA;PR;Empurrador;4
"8º ";Capitania dos Portos do Paraná;CPAGUA;PR;Escuna;14
"8º ";Capitania dos Portos do Paraná;CPAGUA;PR;Flutuante;20
"8º ";Capitania dos Portos do Paraná;CPAGUA;PR;Graneleiro;1
"8º ";Capitania dos Portos do Paraná;CPAGUA;PR;Hovercraft;3
"8º ";Capitania dos Portos do Paraná;CPAGUA;PR;Iate;1
"8º ";Capitania dos Portos do Paraná;CPAGUA;PR;Jangada;7
"8º ";Capitania dos Portos do Paraná;CPAGUA;PR;Jet Boat;12
"8º ";Capitania dos Portos do Paraná;CPAGUA;PR;Lançador de Linhas;1
"8º ";Capitania dos Portos do Paraná;CPAGUA;PR;Lancha;12165
"8º ";Capitania dos Portos do Paraná;CPAGUA;PR;Laser;1
"8º ";Capitania dos Portos do Paraná;CPAGUA;PR;Manuseio de Âncora (AHTS);1
"8º ";Capitania dos Portos do Paraná;CPAGUA;PR;Moto-Aquática/similar;4800
"8º ";Capitania dos Portos do Paraná;CPAGUA;PR;Multicasco (Catamarã, Trimarã, Tetramarã, etc);15
"8º ";Capitania dos Portos do Paraná;CPAGUA;PR;Multipurpose;3
"8º ";Capitania dos Portos do Paraná;CPAGUA;PR;Outros;5210
"8º ";Capitania dos Portos do Paraná;CPAGUA;PR;Passageiro;35
"8º ";Capitania dos Portos do Paraná;CPAGUA;PR;Passageiro / Carga Geral;3
"8º ";Capitania dos Portos do Paraná;CPAGUA;PR;Pesqueiro;182
"8º ";Capitania dos Portos do Paraná;CPAGUA;PR;Pesquisa;1
"8º ";Capitania dos Portos do Paraná;CPAGUA;PR;Petroleiro;2
"8º ";Capitania dos Portos do Paraná;CPAGUA;PR;Petroleiro e Químico;1
"8º ";Capitania dos Portos do Paraná;CPAGUA;PR;Rebocador;27
"8º ";Capitania dos Portos do Paraná;CPAGUA;PR;Roll-on / Roll-off Passageiro (Ferry Boat);5
"8º ";Capitania dos Portos do Paraná;CPAGUA;PR;Tanque (transporte de granéis líquidos);2
"8º ";Capitania dos Portos do Paraná;CPAGUA;PR;Traineira;2
"8º ";Capitania dos Portos do Paraná;CPAGUA;PR;Veleiro;708
"8º ";Capitania Fluvial do Rio Paraná;CPFOZU;PR;Balsa;76
"8º ";Capitania Fluvial do Rio Paraná;CPFOZU;PR;Barcaça;3
"8º ";Capitania Fluvial do Rio Paraná;CPFOZU;PR;Batelão;8
"8º ";Capitania Fluvial do Rio Paraná;CPFOZU;PR;Bote;3577
"8º ";Capitania Fluvial do Rio Paraná;CPFOZU;PR;Caiaque;41
"8º ";Capitania Fluvial do Rio Paraná;CPFOZU;PR;Caique;3
"8º ";Capitania Fluvial do Rio Paraná;CPFOZU;PR;Canoa;76
"8º ";Capitania Fluvial do Rio Paraná;CPFOZU;PR;Chata;38
"8º ";Capitania Fluvial do Rio Paraná;CPFOZU;PR;Draga;151
"8º ";Capitania Fluvial do Rio Paraná;CPFOZU;PR;Empurrador;9
"8º ";Capitania Fluvial do Rio Paraná;CPFOZU;PR;Escuna;1
"8º ";Capitania Fluvial do Rio Paraná;CPFOZU;PR;Flutuante;237
"8º ";Capitania Fluvial do Rio Paraná;CPFOZU;PR;Graneleiro;2
"8º ";Capitania Fluvial do Rio Paraná;CPFOZU;PR;Jangada;2
"8º ";Capitania Fluvial do Rio Paraná;CPFOZU;PR;Jet Boat;22
"8º ";Capitania Fluvial do Rio Paraná;CPFOZU;PR;Lançador de Linhas;19
"8º ";Capitania Fluvial do Rio Paraná;CPFOZU;PR;Lancha;15725
"8º ";Capitania Fluvial do Rio Paraná;CPFOZU;PR;Laser;3
"8º ";Capitania Fluvial do Rio Paraná;CPFOZU;PR;Manuseio de Âncora (AHTS);2
"8º ";Capitania Fluvial do Rio Paraná;CPFOZU;PR;Moto-Aquática/similar;2795
"8º ";Capitania Fluvial do Rio Paraná;CPFOZU;PR;Multicasco (Catamarã, Trimarã, Tetramarã, etc);42
"8º ";Capitania Fluvial do Rio Paraná;CPFOZU;PR;Outros;530
"8º ";Capitania Fluvial do Rio Paraná;CPFOZU;PR;Passageiro;1
"8º ";Capitania Fluvial do Rio Paraná;CPFOZU;PR;Rebocador;46
"8º ";Capitania Fluvial do Rio Paraná;CPFOZU;PR;Tanque (transporte de granéis líquidos);1
"8º ";Capitania Fluvial do Rio Paraná;CPFOZU;PR;Transporte Escolar;1
"8º ";Capitania Fluvial do Rio Paraná;CPFOZU;PR;Veleiro;35
"8º ";Capitania Fluvial do Tietê-Paraná;CPFTPR;SP;Alvarenga;4
"8º ";Capitania Fluvial do Tietê-Paraná;CPFTPR;SP;Apoio à Manobra;1
"8º ";Capitania Fluvial do Tietê-Paraná;CPFTPR;SP;Balsa;196
"8º ";Capitania Fluvial do Tietê-Paraná;CPFTPR;SP;Barcaça;84
"8º ";Capitania Fluvial do Tietê-Paraná;CPFTPR;SP;Batelão;115
"8º ";Capitania Fluvial do Tietê-Paraná;CPFTPR;SP;Bote;61080
"8º ";Capitania Fluvial do Tietê-Paraná;CPFTPR;SP;Cábrea;5
"8º ";Capitania Fluvial do Tietê-Paraná;CPFTPR;SP;Caiaque;255
"8º ";Capitania Fluvial do Tietê-Paraná;CPFTPR;SP;Caique;16
"8º ";Capitania Fluvial do Tietê-Paraná;CPFTPR;SP;Canoa;185
"8º ";Capitania Fluvial do Tietê-Paraná;CPFTPR;SP;Carga Geral;11
"8º ";Capitania Fluvial do Tietê-Paraná;CPFTPR;SP;Chata;327
"8º ";Capitania Fluvial do Tietê-Paraná;CPFTPR;SP;Dique Flutuante;4
"8º ";Capitania Fluvial do Tietê-Paraná;CPFTPR;SP;Draga;506
"8º ";Capitania Fluvial do Tietê-Paraná;CPFTPR;SP;Empurrador;163
"8º ";Capitania Fluvial do Tietê-Paraná;CPFTPR;SP;Escuna;7
"8º ";Capitania Fluvial do Tietê-Paraná;CPFTPR;SP;Floating, Production, Storage and Off-Loading Unit (FPSO);1
"8º ";Capitania Fluvial do Tietê-Paraná;CPFTPR;SP;Flutuante;613
"8º ";Capitania Fluvial do Tietê-Paraná;CPFTPR;SP;Graneleiro;3
"8º ";Capitania Fluvial do Tietê-Paraná;CPFTPR;SP;Hovercraft;13
"8º ";Capitania Fluvial do Tietê-Paraná;CPFTPR;SP;Iate;5
"8º ";Capitania Fluvial do Tietê-Paraná;CPFTPR;SP;Jangada;30
"8º ";Capitania Fluvial do Tietê-Paraná;CPFTPR;SP;Jet Boat;91
"8º ";Capitania Fluvial do Tietê-Paraná;CPFTPR;SP;Lançador de Linhas;2
"8º ";Capitania Fluvial do Tietê-Paraná;CPFTPR;SP;Lancha;14010
"8º ";Capitania Fluvial do Tietê-Paraná;CPFTPR;SP;Laser;2
"8º ";Capitania Fluvial do Tietê-Paraná;CPFTPR;SP;Manuseio de Âncora (AHTS);8
"8º ";Capitania Fluvial do Tietê-Paraná;CPFTPR;SP;Moto-Aquática/similar;12606
"8º ";Capitania Fluvial do Tietê-Paraná;CPFTPR;SP;Multicasco (Catamarã, Trimarã, Tetramarã, etc);450
"8º ";Capitania Fluvial do Tietê-Paraná;CPFTPR;SP;Multipurpose;2
"8º ";Capitania Fluvial do Tietê-Paraná;CPFTPR;SP;Oceonagráfico;2
"8º ";Capitania Fluvial do Tietê-Paraná;CPFTPR;SP;Outros;8882
"8º ";Capitania Fluvial do Tietê-Paraná;CPFTPR;SP;Passageiro;35
"8º ";Capitania Fluvial do Tietê-Paraná;CPFTPR;SP;Pesqueiro;41
"8º ";Capitania Fluvial do Tietê-Paraná;CPFTPR;SP;Pesquisa;5
"8º ";Capitania Fluvial do Tietê-Paraná;CPFTPR;SP;Plataforma Fixa;2
"8º ";Capitania Fluvial do Tietê-Paraná;CPFTPR;SP;Quebra-gelo;2
"8º ";Capitania Fluvial do Tietê-Paraná;CPFTPR;SP;Rebocador;77
"8º ";Capitania Fluvial do Tietê-Paraná;CPFTPR;SP;Roll-on / Roll-off Passageiro (Ferry Boat);3
"8º ";Capitania Fluvial do Tietê-Paraná;CPFTPR;SP;Saveiro;2
"8º ";Capitania Fluvial do Tietê-Paraná;CPFTPR;SP;Supridor (Supply);1
"8º ";Capitania Fluvial do Tietê-Paraná;CPFTPR;SP;Tanque (transporte de granéis líquidos);2
"8º ";Capitania Fluvial do Tietê-Paraná;CPFTPR;SP;Traineira;17
"8º ";Capitania Fluvial do Tietê-Paraná;CPFTPR;SP;Transporte de Carga Pesada (Navio de Cargas Especiais);1
"8º ";Capitania Fluvial do Tietê-Paraná;CPFTPR;SP;Veleiro;222
"8º ";Delegacia da Capitania dos Portos em São Sebastião;DLTIAO;SP;Apoio a Mergulho;11
"8º ";Delegacia da Capitania dos Portos em São Sebastião;DLTIAO;SP;Apoio a ROV;1
"8º ";Delegacia da Capitania dos Portos em São Sebastião;DLTIAO;SP;Balsa;135
"8º ";Delegacia da Capitania dos Portos em São Sebastião;DLTIAO;SP;Barcaça;6
"8º ";Delegacia da Capitania dos Portos em São Sebastião;DLTIAO;SP;Batelão;7
"8º ";Delegacia da Capitania dos Portos em São Sebastião;DLTIAO;SP;Bote;8971
"8º ";Delegacia da Capitania dos Portos em São Sebastião;DLTIAO;SP;Cábrea;2
"8º ";Delegacia da Capitania dos Portos em São Sebastião;DLTIAO;SP;Caiaque;65
"8º ";Delegacia da Capitania dos Portos em São Sebastião;DLTIAO;SP;Caique;3
"8º ";Delegacia da Capitania dos Portos em São Sebastião;DLTIAO;SP;Canoa;394
"8º ";Delegacia da Capitania dos Portos em São Sebastião;DLTIAO;SP;Carga Geral;6
"8º ";Delegacia da Capitania dos Portos em São Sebastião;DLTIAO;SP;Chata;210
"8º ";Delegacia da Capitania dos Portos em São Sebastião;DLTIAO;SP;Dique Flutuante;1
"8º ";Delegacia da Capitania dos Portos em São Sebastião;DLTIAO;SP;Draga;464
"8º ";Delegacia da Capitania dos Portos em São Sebastião;DLTIAO;SP;Empurrador;9
"8º ";Delegacia da Capitania dos Portos em São Sebastião;DLTIAO;SP;Escuna;77
"8º ";Delegacia da Capitania dos Portos em São Sebastião;DLTIAO;SP;Floating, Production, Storage and Off-Loading Unit (FPSO);1
"8º ";Delegacia da Capitania dos Portos em São Sebastião;DLTIAO;SP;Flutuante;48
"8º ";Delegacia da Capitania dos Portos em São Sebastião;DLTIAO;SP;Hidroavião;1
"8º ";Delegacia da Capitania dos Portos em São Sebastião;DLTIAO;SP;Iate;16
"8º ";Delegacia da Capitania dos Portos em São Sebastião;DLTIAO;SP;Jangada;22
"8º ";Delegacia da Capitania dos Portos em São Sebastião;DLTIAO;SP;Jet Boat;36
"8º ";Delegacia da Capitania dos Portos em São Sebastião;DLTIAO;SP;Lançador de Linhas;5
"8º ";Delegacia da Capitania dos Portos em São Sebastião;DLTIAO;SP;Lancha;11024
"8º ";Delegacia da Capitania dos Portos em São Sebastião;DLTIAO;SP;Manuseio de Âncora (AHTS);1
"8º ";Delegacia da Capitania dos Portos em São Sebastião;DLTIAO;SP;Moto-Aquática/similar;5542
"8º ";Delegacia da Capitania dos Portos em São Sebastião;DLTIAO;SP;Multicasco (Catamarã, Trimarã, Tetramarã, etc);76
"8º ";Delegacia da Capitania dos Portos em São Sebastião;DLTIAO;SP;Outros;1410
"8º ";Delegacia da Capitania dos Portos em São Sebastião;DLTIAO;SP;Passageiro;4
"8º ";Delegacia da Capitania dos Portos em São Sebastião;DLTIAO;SP;Passageiro / Carga Geral;1
"8º ";Delegacia da Capitania dos Portos em São Sebastião;DLTIAO;SP;Pesqueiro;63
"8º ";Delegacia da Capitania dos Portos em São Sebastião;DLTIAO;SP;Petroleiro;12
"8º ";Delegacia da Capitania dos Portos em São Sebastião;DLTIAO;SP;Petroleiro e Químico;11
"8º ";Delegacia da Capitania dos Portos em São Sebastião;DLTIAO;SP;Plataforma Auto-Elevável;1
"8º ";Delegacia da Capitania dos Portos em São Sebastião;DLTIAO;SP;Plataforma Fixa;1
"8º ";Delegacia da Capitania dos Portos em São Sebastião;DLTIAO;SP;Químico;1
"8º ";Delegacia da Capitania dos Portos em São Sebastião;DLTIAO;SP;Rebocador;76
"8º ";Delegacia da Capitania dos Portos em São Sebastião;DLTIAO;SP;Saveiro;32
"8º ";Delegacia da Capitania dos Portos em São Sebastião;DLTIAO;SP;Supridor (Supply);1
"8º ";Delegacia da Capitania dos Portos em São Sebastião;DLTIAO;SP;Tanque (transporte de granéis líquidos);3
"8º ";Delegacia da Capitania dos Portos em São Sebastião;DLTIAO;SP;Traineira;138
"8º ";Delegacia da Capitania dos Portos em São Sebastião;DLTIAO;SP;Veleiro;1279
"8º ";Delegacia Fluvial de Guaíra;DLGUAI;PR;Alvarenga;3
"8º ";Delegacia Fluvial de Guaíra;DLGUAI;PR;Anfíbia;1
"8º ";Delegacia Fluvial de Guaíra;DLGUAI;PR;Balsa;103
"8º ";Delegacia Fluvial de Guaíra;DLGUAI;PR;Barcaça;7
"8º ";Delegacia Fluvial de Guaíra;DLGUAI;PR;Batelão;9
"8º ";Delegacia Fluvial de Guaíra;DLGUAI;PR;Bote;26533
"8º ";Delegacia Fluvial de Guaíra;DLGUAI;PR;Cábrea;1
"8º ";Delegacia Fluvial de Guaíra;DLGUAI;PR;Caiaque;71
"8º ";Delegacia Fluvial de Guaíra;DLGUAI;PR;Caique;3
"8º ";Delegacia Fluvial de Guaíra;DLGUAI;PR;Canoa;9
"8º ";Delegacia Fluvial de Guaíra;DLGUAI;PR;Carga Geral;3
"8º ";Delegacia Fluvial de Guaíra;DLGUAI;PR;Chata;85
"8º ";Delegacia Fluvial de Guaíra;DLGUAI;PR;Draga;259
"8º ";Delegacia Fluvial de Guaíra;DLGUAI;PR;Embarcação Autônoma;1
"8º ";Delegacia Fluvial de Guaíra;DLGUAI;PR;Empurrador;27
"8º ";Delegacia Fluvial de Guaíra;DLGUAI;PR;Escuna;1
"8º ";Delegacia Fluvial de Guaíra;DLGUAI;PR;Flutuante;45
"8º ";Delegacia Fluvial de Guaíra;DLGUAI;PR;Hovercraft;1
"8º ";Delegacia Fluvial de Guaíra;DLGUAI;PR;Iate;1
"8º ";Delegacia Fluvial de Guaíra;DLGUAI;PR;Jangada;1
"8º ";Delegacia Fluvial de Guaíra;DLGUAI;PR;Jet Boat;20
"8º ";Delegacia Fluvial de Guaíra;DLGUAI;PR;Lançador de Linhas;5
"8º ";Delegacia Fluvial de Guaíra;DLGUAI;PR;Lancha;11308
"8º ";Delegacia Fluvial de Guaíra;DLGUAI;PR;Manuseio de Âncora (AHTS);6
"8º ";Delegacia Fluvial de Guaíra;DLGUAI;PR;Moto-Aquática/similar;5102
"8º ";Delegacia Fluvial de Guaíra;DLGUAI;PR;Multicasco (Catamarã, Trimarã, Tetramarã, etc);104
"8º ";Delegacia Fluvial de Guaíra;DLGUAI;PR;Oceonagráfico;1
"8º ";Delegacia Fluvial de Guaíra;DLGUAI;PR;Outros;6954
"8º ";Delegacia Fluvial de Guaíra;DLGUAI;PR;Passageiro;13
"8º ";Delegacia Fluvial de Guaíra;DLGUAI;PR;Pesqueiro;16
"8º ";Delegacia Fluvial de Guaíra;DLGUAI;PR;Rebocador;138
"8º ";Delegacia Fluvial de Guaíra;DLGUAI;PR;Traineira;1
"8º ";Delegacia Fluvial de Guaíra;DLGUAI;PR;Transporte Escolar;1
"8º ";Delegacia Fluvial de Guaíra;DLGUAI;PR;Veleiro;32
"8º ";Delegacia Fluvial de Presidente Epitácio;DLPREP;SP;Alvarenga;1
"8º ";Delegacia Fluvial de Presidente Epitácio;DLPREP;SP;Balsa;73
"8º ";Delegacia Fluvial de Presidente Epitácio;DLPREP;SP;Barcaça;11
"8º ";Delegacia Fluvial de Presidente Epitácio;DLPREP;SP;Batelão;11
"8º ";Delegacia Fluvial de Presidente Epitácio;DLPREP;SP;Bote;17764
"8º ";Delegacia Fluvial de Presidente Epitácio;DLPREP;SP;Caiaque;108
"8º ";Delegacia Fluvial de Presidente Epitácio;DLPREP;SP;Caique;4
"8º ";Delegacia Fluvial de Presidente Epitácio;DLPREP;SP;Canoa;7
"8º ";Delegacia Fluvial de Presidente Epitácio;DLPREP;SP;Chata;292
"8º ";Delegacia Fluvial de Presidente Epitácio;DLPREP;SP;Dique Flutuante;1
"8º ";Delegacia Fluvial de Presidente Epitácio;DLPREP;SP;Draga;99
"8º ";Delegacia Fluvial de Presidente Epitácio;DLPREP;SP;Empurrador;17
"8º ";Delegacia Fluvial de Presidente Epitácio;DLPREP;SP;Escuna;3
"8º ";Delegacia Fluvial de Presidente Epitácio;DLPREP;SP;Flutuante;129
"8º ";Delegacia Fluvial de Presidente Epitácio;DLPREP;SP;Hovercraft;1
"8º ";Delegacia Fluvial de Presidente Epitácio;DLPREP;SP;Iate;1
"8º ";Delegacia Fluvial de Presidente Epitácio;DLPREP;SP;Jangada;5
"8º ";Delegacia Fluvial de Presidente Epitácio;DLPREP;SP;Jet Boat;7
"8º ";Delegacia Fluvial de Presidente Epitácio;DLPREP;SP;Lançador de Linhas;2
"8º ";Delegacia Fluvial de Presidente Epitácio;DLPREP;SP;Lancha;3713
"8º ";Delegacia Fluvial de Presidente Epitácio;DLPREP;SP;Manuseio de Âncora (AHTS);3
"8º ";Delegacia Fluvial de Presidente Epitácio;DLPREP;SP;Moto-Aquática/similar;2403
"8º ";Delegacia Fluvial de Presidente Epitácio;DLPREP;SP;Multicasco (Catamarã, Trimarã, Tetramarã, etc);18
"8º ";Delegacia Fluvial de Presidente Epitácio;DLPREP;SP;Outros;4612
"8º ";Delegacia Fluvial de Presidente Epitácio;DLPREP;SP;Passageiro;12
"8º ";Delegacia Fluvial de Presidente Epitácio;DLPREP;SP;Passageiro / Carga Geral;2
"8º ";Delegacia Fluvial de Presidente Epitácio;DLPREP;SP;Pesqueiro;55
"8º ";Delegacia Fluvial de Presidente Epitácio;DLPREP;SP;Rebocador;58
"8º ";Delegacia Fluvial de Presidente Epitácio;DLPREP;SP;Roll-on / Roll-off Passageiro (Ferry Boat);1
"8º ";Delegacia Fluvial de Presidente Epitácio;DLPREP;SP;Saveiro;1
"8º ";Delegacia Fluvial de Presidente Epitácio;DLPREP;SP;Supridor (Supply);3
"8º ";Delegacia Fluvial de Presidente Epitácio;DLPREP;SP;Traineira;3
"8º ";Delegacia Fluvial de Presidente Epitácio;DLPREP;SP;Veleiro;21
"9º ";Agência Fluvial de Boca do Acre;AGACRE;AC;Balsa;47
"9º ";Agência Fluvial de Boca do Acre;AGACRE;AC;Barcaça;9
"9º ";Agência Fluvial de Boca do Acre;AGACRE;AC;Batelão;11
"9º ";Agência Fluvial de Boca do Acre;AGACRE;AC;Bote;37
"9º ";Agência Fluvial de Boca do Acre;AGACRE;AC;Caiaque;1
"9º ";Agência Fluvial de Boca do Acre;AGACRE;AC;Caique;1
"9º ";Agência Fluvial de Boca do Acre;AGACRE;AC;Canoa;1326
"9º ";Agência Fluvial de Boca do Acre;AGACRE;AC;Carga de Alta Velocidade (HSC Carga);1
"9º ";Agência Fluvial de Boca do Acre;AGACRE;AC;Carga Geral;168
"9º ";Agência Fluvial de Boca do Acre;AGACRE;AC;Chata;4
"9º ";Agência Fluvial de Boca do Acre;AGACRE;AC;Draga;39
"9º ";Agência Fluvial de Boca do Acre;AGACRE;AC;Empurrador;18
"9º ";Agência Fluvial de Boca do Acre;AGACRE;AC;Flutuante;65
"9º ";Agência Fluvial de Boca do Acre;AGACRE;AC;Jet Boat;7
"9º ";Agência Fluvial de Boca do Acre;AGACRE;AC;Lancha;2450
"9º ";Agência Fluvial de Boca do Acre;AGACRE;AC;Laser;2
"9º ";Agência Fluvial de Boca do Acre;AGACRE;AC;Moto-Aquática/similar;172
"9º ";Agência Fluvial de Boca do Acre;AGACRE;AC;Outros;185
"9º ";Agência Fluvial de Boca do Acre;AGACRE;AC;Passageiro;42
"9º ";Agência Fluvial de Boca do Acre;AGACRE;AC;Passageiro / Carga Geral;14
"9º ";Agência Fluvial de Boca do Acre;AGACRE;AC;Passageiro de Alta Velocidade (HSC Passageiro);1
"9º ";Agência Fluvial de Boca do Acre;AGACRE;AC;Pesqueiro;174
"9º ";Agência Fluvial de Boca do Acre;AGACRE;AC;Rebocador;53
"9º ";Agência Fluvial de Boca do Acre;AGACRE;AC;Traineira;3
"9º ";Agência Fluvial de Caracaraí;AGCRAI;RR;Apoio a Mergulho;1
"9º ";Agência Fluvial de Caracaraí;AGCRAI;RR;Balsa;12
"9º ";Agência Fluvial de Caracaraí;AGCRAI;RR;Barcaça;3
"9º ";Agência Fluvial de Caracaraí;AGCRAI;RR;Batelão;115
"9º ";Agência Fluvial de Caracaraí;AGCRAI;RR;Bote;763
"9º ";Agência Fluvial de Caracaraí;AGCRAI;RR;Caiaque;1
"9º ";Agência Fluvial de Caracaraí;AGCRAI;RR;Canoa;531
"9º ";Agência Fluvial de Caracaraí;AGCRAI;RR;Carga Geral;7
"9º ";Agência Fluvial de Caracaraí;AGCRAI;RR;Draga;19
"9º ";Agência Fluvial de Caracaraí;AGCRAI;RR;Empurrador;18
"9º ";Agência Fluvial de Caracaraí;AGCRAI;RR;Flutuante;17
"9º ";Agência Fluvial de Caracaraí;AGCRAI;RR;Jet Boat;2
"9º ";Agência Fluvial de Caracaraí;AGCRAI;RR;Lancha;289
"9º ";Agência Fluvial de Caracaraí;AGCRAI;RR;Manuseio de Âncora (AHTS);1
"9º ";Agência Fluvial de Caracaraí;AGCRAI;RR;Moto-Aquática/similar;338
"9º ";Agência Fluvial de Caracaraí;AGCRAI;RR;Multicasco (Catamarã, Trimarã, Tetramarã, etc);7
"9º ";Agência Fluvial de Caracaraí;AGCRAI;RR;Passageiro;19
"9º ";Agência Fluvial de Caracaraí;AGCRAI;RR;Passageiro / Carga Geral;2
"9º ";Agência Fluvial de Caracaraí;AGCRAI;RR;Pesqueiro;61
"9º ";Agência Fluvial de Caracaraí;AGCRAI;RR;Pesquisa;1
"9º ";Agência Fluvial de Caracaraí;AGCRAI;RR;Rebocador;1
"9º ";Agência Fluvial de Caracaraí;AGCRAI;RR;Roll-on / Roll-off Passageiro (Ferry Boat);1
"9º ";Agência Fluvial de Cruzeiro do Sul;AGFCRS;AC;Balsa;71
"9º ";Agência Fluvial de Cruzeiro do Sul;AGFCRS;AC;Barcaça;2
"9º ";Agência Fluvial de Cruzeiro do Sul;AGFCRS;AC;Batelão;223
"9º ";Agência Fluvial de Cruzeiro do Sul;AGFCRS;AC;Bote;166
"9º ";Agência Fluvial de Cruzeiro do Sul;AGFCRS;AC;Canoa;715
"9º ";Agência Fluvial de Cruzeiro do Sul;AGFCRS;AC;Carga Geral;65
"9º ";Agência Fluvial de Cruzeiro do Sul;AGFCRS;AC;Empurrador;5
"9º ";Agência Fluvial de Cruzeiro do Sul;AGFCRS;AC;Flutuante;43
"9º ";Agência Fluvial de Cruzeiro do Sul;AGFCRS;AC;Jet Boat;3
"9º ";Agência Fluvial de Cruzeiro do Sul;AGFCRS;AC;Lancha;87
"9º ";Agência Fluvial de Cruzeiro do Sul;AGFCRS;AC;Moto-Aquática/similar;36
"9º ";Agência Fluvial de Cruzeiro do Sul;AGFCRS;AC;Passageiro;48
"9º ";Agência Fluvial de Cruzeiro do Sul;AGFCRS;AC;Passageiro / Carga Geral;20
"9º ";Agência Fluvial de Cruzeiro do Sul;AGFCRS;AC;Pesqueiro;9
"9º ";Agência Fluvial de Cruzeiro do Sul;AGFCRS;AC;Rebocador;7
"9º ";Agência Fluvial de Eirunepé;AGNEPE;AM;Alvarenga;1
"9º ";Agência Fluvial de Eirunepé;AGNEPE;AM;Balsa;56
"9º ";Agência Fluvial de Eirunepé;AGNEPE;AM;Barcaça;11
"9º ";Agência Fluvial de Eirunepé;AGNEPE;AM;Batelão;431
"9º ";Agência Fluvial de Eirunepé;AGNEPE;AM;Bote;113
"9º ";Agência Fluvial de Eirunepé;AGNEPE;AM;Canoa;391
"9º ";Agência Fluvial de Eirunepé;AGNEPE;AM;Carga Geral;8
"9º ";Agência Fluvial de Eirunepé;AGNEPE;AM;Draga;5
"9º ";Agência Fluvial de Eirunepé;AGNEPE;AM;Empurrador;21
"9º ";Agência Fluvial de Eirunepé;AGNEPE;AM;Flutuante;26
"9º ";Agência Fluvial de Eirunepé;AGNEPE;AM;Graneleiro;2
"9º ";Agência Fluvial de Eirunepé;AGNEPE;AM;Lancha;602
"9º ";Agência Fluvial de Eirunepé;AGNEPE;AM;Moto-Aquática/similar;40
"9º ";Agência Fluvial de Eirunepé;AGNEPE;AM;Outros;65
"9º ";Agência Fluvial de Eirunepé;AGNEPE;AM;Passageiro;13
"9º ";Agência Fluvial de Eirunepé;AGNEPE;AM;Passageiro / Carga Geral;6
"9º ";Agência Fluvial de Eirunepé;AGNEPE;AM;Pesqueiro;16
"9º ";Agência Fluvial de Eirunepé;AGNEPE;AM;Petroleiro;1
"9º ";Agência Fluvial de Eirunepé;AGNEPE;AM;Rebocador;40
"9º ";Agência Fluvial de Eirunepé;AGNEPE;AM;Tanque (transporte de granéis líquidos);5
"9º ";Agência Fluvial de Guajará-Mirim;AGIRIM;RO;Balsa;38
"9º ";Agência Fluvial de Guajará-Mirim;AGIRIM;RO;Batelão;2
"9º ";Agência Fluvial de Guajará-Mirim;AGIRIM;RO;Bote;1309
"9º ";Agência Fluvial de Guajará-Mirim;AGIRIM;RO;Caiaque;1
"9º ";Agência Fluvial de Guajará-Mirim;AGIRIM;RO;Canoa;490
"9º ";Agência Fluvial de Guajará-Mirim;AGIRIM;RO;Carga Geral;1
"9º ";Agência Fluvial de Guajará-Mirim;AGIRIM;RO;Chata;742
"9º ";Agência Fluvial de Guajará-Mirim;AGIRIM;RO;Draga;24
"9º ";Agência Fluvial de Guajará-Mirim;AGIRIM;RO;Empurrador;13
"9º ";Agência Fluvial de Guajará-Mirim;AGIRIM;RO;Flutuante;20
"9º ";Agência Fluvial de Guajará-Mirim;AGIRIM;RO;Lancha;1095
"9º ";Agência Fluvial de Guajará-Mirim;AGIRIM;RO;Moto-Aquática/similar;64
"9º ";Agência Fluvial de Guajará-Mirim;AGIRIM;RO;Multicasco (Catamarã, Trimarã, Tetramarã, etc);1
"9º ";Agência Fluvial de Guajará-Mirim;AGIRIM;RO;Outros;121
"9º ";Agência Fluvial de Guajará-Mirim;AGIRIM;RO;Passageiro;8
"9º ";Agência Fluvial de Guajará-Mirim;AGIRIM;RO;Passageiro / Carga Geral;4
"9º ";Agência Fluvial de Guajará-Mirim;AGIRIM;RO;Pesqueiro;6
"9º ";Agência Fluvial de Guajará-Mirim;AGIRIM;RO;Petroleiro;1
"9º ";Agência Fluvial de Guajará-Mirim;AGIRIM;RO;Rebocador;36
"9º ";Agência Fluvial de Guajará-Mirim;AGIRIM;RO;Roll-on / Roll-off Passageiro (Ferry Boat);1
"9º ";Agência Fluvial de Guajará-Mirim;AGIRIM;RO;Saveiro;1
"9º ";Agência Fluvial de Humaitá;AGHMTA;AM;Balsa;51
"9º ";Agência Fluvial de Humaitá;AGHMTA;AM;Batelão;6
"9º ";Agência Fluvial de Humaitá;AGHMTA;AM;Bote;163
"9º ";Agência Fluvial de Humaitá;AGHMTA;AM;Canoa;84
"9º ";Agência Fluvial de Humaitá;AGHMTA;AM;Carga Geral;209
"9º ";Agência Fluvial de Humaitá;AGHMTA;AM;Chata;1
"9º ";Agência Fluvial de Humaitá;AGHMTA;AM;Dique Flutuante;1
"9º ";Agência Fluvial de Humaitá;AGHMTA;AM;Draga;877
"9º ";Agência Fluvial de Humaitá;AGHMTA;AM;Empurrador;16
"9º ";Agência Fluvial de Humaitá;AGHMTA;AM;Flutuante;27
"9º ";Agência Fluvial de Humaitá;AGHMTA;AM;Jet Boat;1
"9º ";Agência Fluvial de Humaitá;AGHMTA;AM;Lancha;264
"9º ";Agência Fluvial de Humaitá;AGHMTA;AM;Moto-Aquática/similar;10
"9º ";Agência Fluvial de Humaitá;AGHMTA;AM;Outros;1
"9º ";Agência Fluvial de Humaitá;AGHMTA;AM;Passageiro;153
"9º ";Agência Fluvial de Humaitá;AGHMTA;AM;Passageiro / Carga Geral;44
"9º ";Agência Fluvial de Humaitá;AGHMTA;AM;Pesqueiro;8
"9º ";Agência Fluvial de Humaitá;AGHMTA;AM;Petroleiro;5
"9º ";Agência Fluvial de Humaitá;AGHMTA;AM;Rebocador;8
"9º ";Agência Fluvial de Humaitá;AGHMTA;AM;Roll-on / Roll-off Passageiro (Ferry Boat);1
"9º ";Agência Fluvial de Humaitá;AGHMTA;AM;Tanque (transporte de granéis líquidos);1
"9º ";Agência Fluvial de Itacoatiara;AGITAC;AM;Apoio à Manobra;2
"9º ";Agência Fluvial de Itacoatiara;AGITAC;AM;Balsa;85
"9º ";Agência Fluvial de Itacoatiara;AGITAC;AM;Barcaça;15
"9º ";Agência Fluvial de Itacoatiara;AGITAC;AM;Batelão;2
"9º ";Agência Fluvial de Itacoatiara;AGITAC;AM;Bote;78
"9º ";Agência Fluvial de Itacoatiara;AGITAC;AM;Canoa;171
"9º ";Agência Fluvial de Itacoatiara;AGITAC;AM;Carga Geral;563
"9º ";Agência Fluvial de Itacoatiara;AGITAC;AM;Curral;1
"9º ";Agência Fluvial de Itacoatiara;AGITAC;AM;Empurrador;91
"9º ";Agência Fluvial de Itacoatiara;AGITAC;AM;Flutuante;65
"9º ";Agência Fluvial de Itacoatiara;AGITAC;AM;Graneleiro;8
"9º ";Agência Fluvial de Itacoatiara;AGITAC;AM;Iate;3
"9º ";Agência Fluvial de Itacoatiara;AGITAC;AM;Jangada;2
"9º ";Agência Fluvial de Itacoatiara;AGITAC;AM;Lancha;542
"9º ";Agência Fluvial de Itacoatiara;AGITAC;AM;Moto-Aquática/similar;21
"9º ";Agência Fluvial de Itacoatiara;AGITAC;AM;Outros;24
"9º ";Agência Fluvial de Itacoatiara;AGITAC;AM;Passageiro;322
"9º ";Agência Fluvial de Itacoatiara;AGITAC;AM;Passageiro / Carga Geral;216
"9º ";Agência Fluvial de Itacoatiara;AGITAC;AM;Passageiro de Alta Velocidade (HSC Passageiro);1
"9º ";Agência Fluvial de Itacoatiara;AGITAC;AM;Pesqueiro;179
"9º ";Agência Fluvial de Itacoatiara;AGITAC;AM;Pesquisa;2
"9º ";Agência Fluvial de Itacoatiara;AGITAC;AM;Petroleiro;44
"9º ";Agência Fluvial de Itacoatiara;AGITAC;AM;Rebocador;149
"9º ";Agência Fluvial de Itacoatiara;AGITAC;AM;Roll-on / Roll-off Passageiro (Ferry Boat);5
"9º ";Agência Fluvial de Itacoatiara;AGITAC;AM;Tanque (transporte de granéis líquidos);12
"9º ";Agência Fluvial de Itacoatiara;AGITAC;AM;Transporte de Gases Liquefeitos;2
"9º ";Agência Fluvial de Itacoatiara;AGITAC;AM;Transporte Escolar;3
"9º ";Agência Fluvial de Parintins;AGTINS;AM;Balsa;60
"9º ";Agência Fluvial de Parintins;AGTINS;AM;Barcaça;1
"9º ";Agência Fluvial de Parintins;AGTINS;AM;Batelão;7
"9º ";Agência Fluvial de Parintins;AGTINS;AM;Bote;452
"9º ";Agência Fluvial de Parintins;AGTINS;AM;Caique;1
"9º ";Agência Fluvial de Parintins;AGTINS;AM;Canoa;649
"9º ";Agência Fluvial de Parintins;AGTINS;AM;Carga Geral;368
"9º ";Agência Fluvial de Parintins;AGTINS;AM;Chata;2
"9º ";Agência Fluvial de Parintins;AGTINS;AM;Draga;1
"9º ";Agência Fluvial de Parintins;AGTINS;AM;Empurrador;34
"9º ";Agência Fluvial de Parintins;AGTINS;AM;Escuna;1
"9º ";Agência Fluvial de Parintins;AGTINS;AM;Flutuante;40
"9º ";Agência Fluvial de Parintins;AGTINS;AM;Graneleiro;3
"9º ";Agência Fluvial de Parintins;AGTINS;AM;Iate;6
"9º ";Agência Fluvial de Parintins;AGTINS;AM;Lançador de Linhas;1
"9º ";Agência Fluvial de Parintins;AGTINS;AM;Lancha;1340
"9º ";Agência Fluvial de Parintins;AGTINS;AM;Laser;39
"9º ";Agência Fluvial de Parintins;AGTINS;AM;Moto-Aquática/similar;29
"9º ";Agência Fluvial de Parintins;AGTINS;AM;Outros;52
"9º ";Agência Fluvial de Parintins;AGTINS;AM;Passageiro;742
"9º ";Agência Fluvial de Parintins;AGTINS;AM;Passageiro / Carga Geral;1052
"9º ";Agência Fluvial de Parintins;AGTINS;AM;Pesqueiro;373
"9º ";Agência Fluvial de Parintins;AGTINS;AM;Petroleiro;8
"9º ";Agência Fluvial de Parintins;AGTINS;AM;Rebocador;31
"9º ";Agência Fluvial de Parintins;AGTINS;AM;"Roll-on / Roll-off Carga ";1
"9º ";Agência Fluvial de Parintins;AGTINS;AM;Roll-on / Roll-off Passageiro (Ferry Boat);10
"9º ";Agência Fluvial de Parintins;AGTINS;AM;Saveiro;5
"9º ";Agência Fluvial de Parintins;AGTINS;AM;Tanque (transporte de granéis líquidos);8
"9º ";Agência Fluvial de Parintins;AGTINS;AM;Traineira;1
"9º ";Agência Fluvial de Parintins;AGTINS;AM;Transporte de Gases Liquefeitos;1
"9º ";Agência Fluvial de Tefé;AGTEFE;AM;Alvarenga;1
"9º ";Agência Fluvial de Tefé;AGTEFE;AM;Apoio a Mergulho;1
"9º ";Agência Fluvial de Tefé;AGTEFE;AM;Balsa;97
"9º ";Agência Fluvial de Tefé;AGTEFE;AM;Barcaça;1
"9º ";Agência Fluvial de Tefé;AGTEFE;AM;Batelão;293
"9º ";Agência Fluvial de Tefé;AGTEFE;AM;Bote;201
"9º ";Agência Fluvial de Tefé;AGTEFE;AM;Canoa;60
"9º ";Agência Fluvial de Tefé;AGTEFE;AM;Carga Geral;206
"9º ";Agência Fluvial de Tefé;AGTEFE;AM;Dique Flutuante;1
"9º ";Agência Fluvial de Tefé;AGTEFE;AM;Draga;43
"9º ";Agência Fluvial de Tefé;AGTEFE;AM;Empurrador;86
"9º ";Agência Fluvial de Tefé;AGTEFE;AM;Flutuante;208
"9º ";Agência Fluvial de Tefé;AGTEFE;AM;Graneleiro;8
"9º ";Agência Fluvial de Tefé;AGTEFE;AM;Jet Boat;3
"9º ";Agência Fluvial de Tefé;AGTEFE;AM;Lancha;643
"9º ";Agência Fluvial de Tefé;AGTEFE;AM;Moto-Aquática/similar;19
"9º ";Agência Fluvial de Tefé;AGTEFE;AM;Multicasco (Catamarã, Trimarã, Tetramarã, etc);1
"9º ";Agência Fluvial de Tefé;AGTEFE;AM;Outros;274
"9º ";Agência Fluvial de Tefé;AGTEFE;AM;Passageiro;107
"9º ";Agência Fluvial de Tefé;AGTEFE;AM;Passageiro / Carga Geral;62
"9º ";Agência Fluvial de Tefé;AGTEFE;AM;Pesqueiro;314
"9º ";Agência Fluvial de Tefé;AGTEFE;AM;Pesquisa;2
"9º ";Agência Fluvial de Tefé;AGTEFE;AM;Petroleiro;1
"9º ";Agência Fluvial de Tefé;AGTEFE;AM;Rebocador;145
"9º ";Agência Fluvial de Tefé;AGTEFE;AM;Roll-on / Roll-off Passageiro (Ferry Boat);1
"9º ";Agência Fluvial de Tefé;AGTEFE;AM;Tanque (transporte de granéis líquidos);3
"9º ";Agência Fluvial de Tefé;AGTEFE;AM;Veleiro;1
"9º ";Capitania Fluvial da Amazônia Ocidental;CPNAUS;AM;Apoio à Manobra;7
"9º ";Capitania Fluvial da Amazônia Ocidental;CPNAUS;AM;Balsa;2334
"9º ";Capitania Fluvial da Amazônia Ocidental;CPNAUS;AM;Barcaça;235
"9º ";Capitania Fluvial da Amazônia Ocidental;CPNAUS;AM;Batelão;5
"9º ";Capitania Fluvial da Amazônia Ocidental;CPNAUS;AM;Bote;457
"9º ";Capitania Fluvial da Amazônia Ocidental;CPNAUS;AM;Cábrea;5
"9º ";Capitania Fluvial da Amazônia Ocidental;CPNAUS;AM;Canoa;109
"9º ";Capitania Fluvial da Amazônia Ocidental;CPNAUS;AM;Carga Geral;1595
"9º ";Capitania Fluvial da Amazônia Ocidental;CPNAUS;AM;Chata;9
"9º ";Capitania Fluvial da Amazônia Ocidental;CPNAUS;AM;Dique Flutuante;18
"9º ";Capitania Fluvial da Amazônia Ocidental;CPNAUS;AM;Draga;69
"9º ";Capitania Fluvial da Amazônia Ocidental;CPNAUS;AM;Empurrador;485
"9º ";Capitania Fluvial da Amazônia Ocidental;CPNAUS;AM;Escuna;2
"9º ";Capitania Fluvial da Amazônia Ocidental;CPNAUS;AM;Flotel;2
"9º ";Capitania Fluvial da Amazônia Ocidental;CPNAUS;AM;Flutuante;469
"9º ";Capitania Fluvial da Amazônia Ocidental;CPNAUS;AM;Graneleiro;64
"9º ";Capitania Fluvial da Amazônia Ocidental;CPNAUS;AM;Iate;72
"9º ";Capitania Fluvial da Amazônia Ocidental;CPNAUS;AM;Jangada;1
"9º ";Capitania Fluvial da Amazônia Ocidental;CPNAUS;AM;Jet Boat;11
"9º ";Capitania Fluvial da Amazônia Ocidental;CPNAUS;AM;Lançador de Linhas;7
"9º ";Capitania Fluvial da Amazônia Ocidental;CPNAUS;AM;Lancha;7852
"9º ";Capitania Fluvial da Amazônia Ocidental;CPNAUS;AM;Laser;2
"9º ";Capitania Fluvial da Amazônia Ocidental;CPNAUS;AM;Manuseio de Âncora (AHTS);1
"9º ";Capitania Fluvial da Amazônia Ocidental;CPNAUS;AM;Moto-Aquática/similar;2213
"9º ";Capitania Fluvial da Amazônia Ocidental;CPNAUS;AM;Multicasco (Catamarã, Trimarã, Tetramarã, etc);62
"9º ";Capitania Fluvial da Amazônia Ocidental;CPNAUS;AM;Outros;184
"9º ";Capitania Fluvial da Amazônia Ocidental;CPNAUS;AM;Passageiro;751
"9º ";Capitania Fluvial da Amazônia Ocidental;CPNAUS;AM;Passageiro / Carga Geral;566
"9º ";Capitania Fluvial da Amazônia Ocidental;CPNAUS;AM;Passageiro de Alta Velocidade (HSC Passageiro);3
"9º ";Capitania Fluvial da Amazônia Ocidental;CPNAUS;AM;Pesqueiro;1212
"9º ";Capitania Fluvial da Amazônia Ocidental;CPNAUS;AM;Pesquisa;3
"9º ";Capitania Fluvial da Amazônia Ocidental;CPNAUS;AM;Petroleiro;40
"9º ";Capitania Fluvial da Amazônia Ocidental;CPNAUS;AM;Petroleiro e Químico;3
"9º ";Capitania Fluvial da Amazônia Ocidental;CPNAUS;AM;Porta-Contentor;8
"9º ";Capitania Fluvial da Amazônia Ocidental;CPNAUS;AM;Químico;1
"9º ";Capitania Fluvial da Amazônia Ocidental;CPNAUS;AM;Rebocador;879
"9º ";Capitania Fluvial da Amazônia Ocidental;CPNAUS;AM;"Roll-on / Roll-off Carga ";7
"9º ";Capitania Fluvial da Amazônia Ocidental;CPNAUS;AM;Roll-on / Roll-off Passageiro (Ferry Boat);42
"9º ";Capitania Fluvial da Amazônia Ocidental;CPNAUS;AM;Saveiro;2
"9º ";Capitania Fluvial da Amazônia Ocidental;CPNAUS;AM;Tanque (transporte de granéis líquidos);70
"9º ";Capitania Fluvial da Amazônia Ocidental;CPNAUS;AM;Transporte de Carga Pesada (Navio de Cargas Especiais);2
"9º ";Capitania Fluvial da Amazônia Ocidental;CPNAUS;AM;Transporte de Gases Liquefeitos;2
"9º ";Capitania Fluvial da Amazônia Ocidental;CPNAUS;AM;Veleiro;5
"9º ";Capitania Fluvial de Porto Velho;CFPVEL;RO;Balsa;161
"9º ";Capitania Fluvial de Porto Velho;CFPVEL;RO;Barcaça;6
"9º ";Capitania Fluvial de Porto Velho;CFPVEL;RO;Batelão;39
"9º ";Capitania Fluvial de Porto Velho;CFPVEL;RO;Bote;1293
"9º ";Capitania Fluvial de Porto Velho;CFPVEL;RO;Cábrea;2
"9º ";Capitania Fluvial de Porto Velho;CFPVEL;RO;Caiaque;17
"9º ";Capitania Fluvial de Porto Velho;CFPVEL;RO;Canoa;472
"9º ";Capitania Fluvial de Porto Velho;CFPVEL;RO;Carga Geral;73
"9º ";Capitania Fluvial de Porto Velho;CFPVEL;RO;Chata;777
"9º ";Capitania Fluvial de Porto Velho;CFPVEL;RO;Draga;661
"9º ";Capitania Fluvial de Porto Velho;CFPVEL;RO;Empurrador;220
"9º ";Capitania Fluvial de Porto Velho;CFPVEL;RO;Escuna;1
"9º ";Capitania Fluvial de Porto Velho;CFPVEL;RO;Flutuante;139
"9º ";Capitania Fluvial de Porto Velho;CFPVEL;RO;Graneleiro;3
"9º ";Capitania Fluvial de Porto Velho;CFPVEL;RO;Jangada;1
"9º ";Capitania Fluvial de Porto Velho;CFPVEL;RO;Jet Boat;9
"9º ";Capitania Fluvial de Porto Velho;CFPVEL;RO;Lançador de Linhas;9
"9º ";Capitania Fluvial de Porto Velho;CFPVEL;RO;Lancha;5088
"9º ";Capitania Fluvial de Porto Velho;CFPVEL;RO;Laser;1
"9º ";Capitania Fluvial de Porto Velho;CFPVEL;RO;Moto-Aquática/similar;536
"9º ";Capitania Fluvial de Porto Velho;CFPVEL;RO;Multicasco (Catamarã, Trimarã, Tetramarã, etc);1
"9º ";Capitania Fluvial de Porto Velho;CFPVEL;RO;Outros;103
"9º ";Capitania Fluvial de Porto Velho;CFPVEL;RO;Passageiro;71
"9º ";Capitania Fluvial de Porto Velho;CFPVEL;RO;Passageiro / Carga Geral;34
"9º ";Capitania Fluvial de Porto Velho;CFPVEL;RO;Pesqueiro;26
"9º ";Capitania Fluvial de Porto Velho;CFPVEL;RO;Rebocador;187
"9º ";Capitania Fluvial de Porto Velho;CFPVEL;RO;Roll-on / Roll-off Passageiro (Ferry Boat);1
"9º ";Capitania Fluvial de Tabatinga;CFINGA;AM;Alvarenga;1
"9º ";Capitania Fluvial de Tabatinga;CFINGA;AM;Anfíbia;1
"9º ";Capitania Fluvial de Tabatinga;CFINGA;AM;Balsa;70
"9º ";Capitania Fluvial de Tabatinga;CFINGA;AM;Barcaça;2
"9º ";Capitania Fluvial de Tabatinga;CFINGA;AM;Batelão;19
"9º ";Capitania Fluvial de Tabatinga;CFINGA;AM;Bote;863
"9º ";Capitania Fluvial de Tabatinga;CFINGA;AM;Cábrea;1
"9º ";Capitania Fluvial de Tabatinga;CFINGA;AM;Caiaque;4
"9º ";Capitania Fluvial de Tabatinga;CFINGA;AM;Canoa;2463
"9º ";Capitania Fluvial de Tabatinga;CFINGA;AM;Carga Geral;84
"9º ";Capitania Fluvial de Tabatinga;CFINGA;AM;Draga;8
"9º ";Capitania Fluvial de Tabatinga;CFINGA;AM;Embarcação Autônoma;1
"9º ";Capitania Fluvial de Tabatinga;CFINGA;AM;Empurrador;18
"9º ";Capitania Fluvial de Tabatinga;CFINGA;AM;Flutuante;133
"9º ";Capitania Fluvial de Tabatinga;CFINGA;AM;Graneleiro;1
"9º ";Capitania Fluvial de Tabatinga;CFINGA;AM;Iate;14
"9º ";Capitania Fluvial de Tabatinga;CFINGA;AM;Lançador de Linhas;1
"9º ";Capitania Fluvial de Tabatinga;CFINGA;AM;Lancha;699
"9º ";Capitania Fluvial de Tabatinga;CFINGA;AM;Moto-Aquática/similar;5
"9º ";Capitania Fluvial de Tabatinga;CFINGA;AM;Outros;159
"9º ";Capitania Fluvial de Tabatinga;CFINGA;AM;Passageiro;19
"9º ";Capitania Fluvial de Tabatinga;CFINGA;AM;Passageiro / Carga Geral;17
"9º ";Capitania Fluvial de Tabatinga;CFINGA;AM;Pesqueiro;26
"9º ";Capitania Fluvial de Tabatinga;CFINGA;AM;Petroleiro;2
"9º ";Capitania Fluvial de Tabatinga;CFINGA;AM;Rebocador;62
"9º ";Capitania Fluvial de Tabatinga;CFINGA;AM;Tanque (transporte de granéis líquidos);1
